,consistent,subject,block,block_difficulty,block_value_level,block_stimulus_type,block_ntrials_phase1,block_ntrials_phase2,trial_difficulty,trial_value_chosen,trial_number,trial_pair_repeat_nr
17,1.0,0,0,3,23,0,12,15,6,29,5.0,0.0
18,0.0,0,0,3,23,0,12,15,3,23,6.0,0.0
20,1.0,0,0,3,23,0,12,15,6,29,8.0,1.0
21,1.0,0,0,3,23,0,12,15,6,29,9.0,0.0
23,1.0,0,0,3,23,0,12,15,6,20,11.0,0.0
24,0.0,0,0,3,23,0,12,15,3,26,12.0,1.0
26,0.0,0,0,3,23,0,12,15,6,26,14.0,1.0
149,1.0,0,3,3,23,0,15,15,6,26,3.0,0.0
150,1.0,0,3,3,23,0,15,15,6,26,4.0,1.0
152,1.0,0,3,3,23,0,15,15,3,29,6.0,0.0
154,1.0,0,3,3,23,0,15,15,6,29,8.0,0.0
156,1.0,0,3,3,23,0,15,15,3,26,10.0,0.0
158,1.0,0,3,3,23,0,15,15,3,29,12.0,1.0
239,1.0,0,5,6,18,0,15,10,6,24,4.0,0.0
242,1.0,0,5,6,18,0,15,10,12,24,7.0,0.0
281,0.0,0,6,6,23,0,9,10,12,17,5.0,0.0
284,1.0,0,6,6,23,0,9,10,18,35,8.0,0.0
285,1.0,0,6,6,23,0,9,10,6,17,9.0,0.0
371,1.0,0,8,3,18,0,12,15,9,24,3.0,0.0
374,1.0,0,8,3,18,0,12,15,6,24,6.0,0.0
375,1.0,0,8,3,18,0,12,15,9,24,7.0,1.0
376,1.0,0,8,3,18,0,12,15,9,24,8.0,0.0
377,1.0,0,8,3,18,0,12,15,3,18,9.0,0.0
380,1.0,0,8,3,18,0,12,15,6,24,12.0,1.0
382,1.0,0,8,3,18,0,12,15,6,24,14.0,0.0
461,1.0,0,10,3,28,0,9,10,3,28,2.0,0.0
463,1.0,0,10,3,28,0,9,10,6,31,4.0,0.0
465,1.0,0,10,3,28,0,9,10,6,34,6.0,0.0
468,1.0,0,10,3,28,0,9,10,3,31,9.0,0.0
544,0.0,1,1,3,23,0,18,15,3,26,2.0,0.0
547,0.0,1,1,3,23,0,18,15,3,23,5.0,1.0
551,1.0,1,1,3,23,0,18,15,3,23,9.0,0.0
552,1.0,1,1,3,23,0,18,15,6,23,10.0,0.0
556,1.0,1,1,3,23,0,18,15,6,20,14.0,0.0
645,1.0,1,3,3,23,0,15,10,6,26,7.0,0.0
646,1.0,1,3,3,23,0,15,10,3,26,8.0,0.0
647,0.0,1,3,3,23,0,15,10,9,20,9.0,0.0
765,1.0,1,6,6,18,0,12,10,6,24,4.0,0.0
767,1.0,1,6,6,18,0,12,10,12,24,6.0,0.0
769,1.0,1,6,6,18,0,12,10,18,30,8.0,0.0
813,0.0,1,7,3,23,1,9,10,3,23,8.0,0.0
814,1.0,1,7,3,23,1,9,10,3,26,9.0,0.0
863,1.0,1,8,3,28,1,12,15,9,34,3.0,0.0
865,1.0,1,8,3,28,1,12,15,6,34,5.0,0.0
868,1.0,1,8,3,28,1,12,15,9,34,8.0,0.0
870,1.0,1,8,3,28,1,12,15,9,34,10.0,1.0
871,1.0,1,8,3,28,1,12,15,6,34,11.0,0.0
874,1.0,1,8,3,28,1,12,15,3,28,14.0,0.0
956,1.0,1,10,3,28,1,15,15,9,25,4.0,0.0
959,1.0,1,10,3,28,1,15,15,6,28,7.0,0.0
960,1.0,1,10,3,28,1,15,15,9,25,8.0,1.0
961,1.0,1,10,3,28,1,15,15,6,31,9.0,0.0
962,1.0,1,10,3,28,1,15,15,3,25,10.0,0.0
963,1.0,1,10,3,28,1,15,15,6,31,11.0,1.0
964,1.0,1,10,3,28,1,15,15,3,25,12.0,1.0
965,1.0,1,10,3,28,1,15,15,6,28,13.0,1.0
998,1.0,2,0,6,28,0,9,10,18,40,5.0,0.0
1000,1.0,2,0,6,28,0,9,10,6,28,7.0,0.0
1002,1.0,2,0,6,28,0,9,10,6,28,9.0,0.0
1157,1.0,2,4,6,18,0,15,10,6,24,5.0,0.0
1242,1.0,2,6,3,23,0,18,15,6,26,3.0,0.0
1246,0.0,2,6,3,23,0,18,15,3,23,7.0,0.0
1247,1.0,2,6,3,23,0,18,15,3,23,8.0,0.0
1248,1.0,2,6,3,23,0,18,15,9,29,9.0,0.0
1250,1.0,2,6,3,23,0,18,15,9,29,11.0,1.0
1252,0.0,2,6,3,23,0,18,15,3,26,13.0,1.0
1293,0.0,2,7,6,18,1,18,15,6,24,2.0,0.0
1296,1.0,2,7,6,18,1,18,15,12,24,5.0,0.0
1299,1.0,2,7,6,18,1,18,15,6,18,8.0,0.0
1300,1.0,2,7,6,18,1,18,15,12,24,9.0,1.0
1302,1.0,2,7,6,18,1,18,15,6,24,11.0,0.0
1304,1.0,2,7,6,18,1,18,15,6,24,13.0,1.0
1305,1.0,2,7,6,18,1,18,15,12,30,14.0,0.0
1349,1.0,2,8,3,28,1,18,15,3,28,6.0,0.0
1351,1.0,2,8,3,28,1,18,15,3,28,8.0,0.0
1352,1.0,2,8,3,28,1,18,15,3,28,9.0,0.0
1353,1.0,2,8,3,28,1,18,15,3,28,10.0,0.0
1354,1.0,2,8,3,28,1,18,15,3,28,11.0,1.0
1355,1.0,2,8,3,28,1,18,15,3,28,12.0,1.0
1356,1.0,2,8,3,28,1,18,15,3,34,13.0,0.0
1357,1.0,2,8,3,28,1,18,15,3,34,14.0,1.0
1448,1.0,2,10,3,28,0,15,10,9,25,4.0,0.0
1453,1.0,2,10,3,28,0,15,10,3,25,9.0,0.0
1495,1.0,3,0,3,23,0,12,10,6,26,2.0,0.0
1499,1.0,3,0,3,23,0,12,10,3,23,6.0,0.0
1501,1.0,3,0,3,23,0,12,10,3,29,8.0,0.0
1502,1.0,3,0,3,23,0,12,10,3,26,9.0,0.0
1585,1.0,3,2,6,28,1,18,10,12,28,7.0,0.0
1710,1.0,3,5,6,18,0,9,15,18,30,5.0,0.0
1713,1.0,3,5,6,18,0,9,15,18,30,8.0,1.0
1714,1.0,3,5,6,18,0,9,15,12,24,9.0,0.0
1715,1.0,3,5,6,18,0,9,15,6,30,10.0,0.0
1716,1.0,3,5,6,18,0,9,15,12,30,11.0,0.0
1717,1.0,3,5,6,18,0,9,15,6,30,12.0,1.0
1719,1.0,3,5,6,18,0,9,15,18,30,14.0,0.0
1763,1.0,3,6,6,23,1,12,15,12,29,3.0,0.0
1770,1.0,3,6,6,23,1,12,15,6,29,10.0,0.0
1771,1.0,3,6,6,23,1,12,15,6,23,11.0,0.0
1772,1.0,3,6,6,23,1,12,15,6,29,12.0,1.0
1773,1.0,3,6,6,23,1,12,15,12,29,13.0,0.0
1774,1.0,3,6,6,23,1,12,15,6,23,14.0,1.0
1816,1.0,3,7,3,18,0,15,15,3,18,1.0,0.0
1817,1.0,3,7,3,18,0,15,15,3,18,2.0,1.0
1821,1.0,3,7,3,18,0,15,15,6,21,6.0,0.0
1823,1.0,3,7,3,18,0,15,15,6,21,8.0,1.0
1827,1.0,3,7,3,18,0,15,15,6,24,12.0,0.0
1828,1.0,3,7,3,18,0,15,15,6,18,13.0,0.0
1829,1.0,3,7,3,18,0,15,15,6,18,14.0,1.0
1942,1.0,3,10,6,18,1,12,10,12,30,4.0,0.0
1946,1.0,3,10,6,18,1,12,10,6,12,8.0,0.0
1985,0.0,4,0,3,28,1,15,15,3,34,2.0,0.0
1988,1.0,4,0,3,28,1,15,15,6,34,5.0,0.0
1989,1.0,4,0,3,28,1,15,15,9,34,6.0,0.0
1991,1.0,4,0,3,28,1,15,15,3,31,8.0,0.0
1993,1.0,4,0,3,28,1,15,15,3,28,10.0,0.0
1994,1.0,4,0,3,28,1,15,15,3,31,11.0,1.0
1996,1.0,4,0,3,28,1,15,15,9,34,13.0,0.0
1997,1.0,4,0,3,28,1,15,15,6,34,14.0,1.0
2038,1.0,4,1,6,23,0,18,15,6,23,5.0,0.0
2040,1.0,4,1,6,23,0,18,15,6,29,7.0,0.0
2043,1.0,4,1,6,23,0,18,15,12,29,10.0,0.0
2044,1.0,4,1,6,23,0,18,15,6,23,11.0,0.0
2045,1.0,4,1,6,23,0,18,15,18,35,12.0,0.0
2046,1.0,4,1,6,23,0,18,15,18,35,13.0,1.0
2162,1.0,4,4,3,18,0,9,10,9,24,2.0,0.0
2164,1.0,4,4,3,18,0,9,10,3,18,4.0,0.0
2297,1.0,4,7,6,28,0,9,10,6,28,6.0,0.0
2299,1.0,4,7,6,28,0,9,10,6,34,8.0,0.0
2345,1.0,4,8,6,23,1,9,10,6,35,7.0,0.0
2346,1.0,4,8,6,23,1,9,10,6,23,8.0,0.0
2427,1.0,4,10,6,23,1,15,15,6,23,4.0,0.0
2431,1.0,4,10,6,23,1,15,15,12,29,8.0,0.0
2432,1.0,4,10,6,23,1,15,15,6,23,9.0,0.0
2435,1.0,4,10,6,23,1,15,15,12,29,12.0,1.0
2436,1.0,4,10,6,23,1,15,15,6,23,13.0,1.0
2437,1.0,4,10,6,23,1,15,15,6,29,14.0,0.0
2479,1.0,5,0,3,23,1,15,15,3,23,4.0,0.0
2480,1.0,5,0,3,23,1,15,15,3,26,5.0,0.0
2482,1.0,5,0,3,23,1,15,15,3,29,7.0,0.0
2483,1.0,5,0,3,23,1,15,15,6,26,8.0,0.0
2484,1.0,5,0,3,23,1,15,15,3,26,9.0,0.0
2530,1.0,5,1,6,28,0,15,15,12,34,8.0,0.0
2531,1.0,5,1,6,28,0,15,15,18,40,9.0,0.0
2532,1.0,5,1,6,28,0,15,15,12,34,10.0,0.0
2534,0.0,5,1,6,28,0,15,15,6,34,12.0,0.0
2535,1.0,5,1,6,28,0,15,15,6,34,13.0,1.0
2626,1.0,5,3,3,18,1,12,10,6,21,3.0,0.0
2627,1.0,5,3,3,18,1,12,10,3,21,4.0,0.0
2631,1.0,5,3,3,18,1,12,10,6,18,8.0,0.0
2728,1.0,5,5,3,28,0,18,15,9,34,5.0,0.0
2730,1.0,5,5,3,28,0,18,15,9,34,7.0,1.0
2732,1.0,5,5,3,28,0,18,15,3,31,9.0,0.0
2734,1.0,5,5,3,28,0,18,15,3,34,11.0,0.0
2735,1.0,5,5,3,28,0,18,15,6,25,12.0,0.0
2736,1.0,5,5,3,28,0,18,15,6,28,13.0,0.0
2737,1.0,5,5,3,28,0,18,15,3,28,14.0,0.0
2845,1.0,5,8,3,28,1,18,10,6,34,1.0,0.0
2851,1.0,5,8,3,28,1,18,10,9,34,7.0,0.0
2852,1.0,5,8,3,28,1,18,10,3,28,8.0,0.0
2897,0.0,5,9,6,23,0,18,10,6,29,6.0,0.0
2898,1.0,5,9,6,23,0,18,10,6,23,7.0,0.0
3053,1.0,6,2,3,28,0,18,15,3,28,4.0,0.0
3054,1.0,6,2,3,28,0,18,15,6,28,5.0,0.0
3055,1.0,6,2,3,28,0,18,15,3,34,6.0,0.0
3059,1.0,6,2,3,28,0,18,15,3,34,10.0,1.0
3063,1.0,6,2,3,28,0,18,15,3,28,14.0,0.0
3182,1.0,6,5,6,28,1,15,10,6,40,5.0,0.0
3185,1.0,6,5,6,28,1,15,10,6,22,8.0,0.0
3186,1.0,6,5,6,28,1,15,10,18,40,9.0,0.0
3224,1.0,6,6,6,28,1,12,15,12,40,3.0,0.0
3226,1.0,6,6,6,28,1,12,15,12,40,5.0,1.0
3227,1.0,6,6,6,28,1,12,15,6,22,6.0,0.0
3228,1.0,6,6,6,28,1,12,15,18,40,7.0,0.0
3229,1.0,6,6,6,28,1,12,15,6,28,8.0,0.0
3232,1.0,6,6,6,28,1,12,15,6,28,11.0,1.0
3234,1.0,6,6,6,28,1,12,15,6,22,13.0,1.0
3235,0.0,6,6,6,28,1,12,15,6,40,14.0,0.0
3276,1.0,6,7,3,23,0,9,10,6,29,6.0,0.0
3277,0.0,6,7,3,23,0,9,10,6,26,7.0,0.0
3278,1.0,6,7,3,23,0,9,10,9,29,8.0,0.0
3279,1.0,6,7,3,23,0,9,10,6,26,9.0,0.0
3331,1.0,6,8,6,18,1,9,10,6,18,9.0,0.0
3378,1.0,6,9,3,28,0,12,15,3,31,6.0,0.0
3380,1.0,6,9,3,28,0,12,15,9,34,8.0,0.0
3381,1.0,6,9,3,28,0,12,15,3,31,9.0,0.0
3384,1.0,6,9,3,28,0,12,15,9,34,12.0,1.0
3385,1.0,6,9,3,28,0,12,15,6,31,13.0,0.0
3386,1.0,6,9,3,28,0,12,15,3,31,14.0,1.0
3471,1.0,7,0,6,28,0,18,10,12,34,4.0,0.0
3472,1.0,7,0,6,28,0,18,10,6,28,5.0,0.0
3473,1.0,7,0,6,28,0,18,10,18,40,6.0,0.0
3476,1.0,7,0,6,28,0,18,10,18,40,9.0,0.0
3513,0.0,7,1,3,23,1,9,10,3,26,8.0,0.0
3514,1.0,7,1,3,23,1,9,10,3,20,9.0,0.0
3667,1.0,7,5,3,18,0,15,15,3,21,3.0,0.0
3670,1.0,7,5,3,18,0,15,15,6,24,6.0,0.0
3672,1.0,7,5,3,18,0,15,15,6,21,8.0,0.0
3673,1.0,7,5,3,18,0,15,15,6,21,9.0,1.0
3674,1.0,7,5,3,18,0,15,15,3,21,10.0,1.0
3676,1.0,7,5,3,18,0,15,15,6,24,12.0,1.0
3677,1.0,7,5,3,18,0,15,15,9,24,13.0,0.0
3716,1.0,7,6,6,23,0,9,15,6,23,1.0,0.0
3721,1.0,7,6,6,23,0,9,15,6,23,6.0,1.0
3723,1.0,7,6,6,23,0,9,15,12,35,8.0,0.0
3724,1.0,7,6,6,23,0,9,15,18,35,9.0,0.0
3725,1.0,7,6,6,23,0,9,15,12,29,10.0,0.0
3729,1.0,7,6,6,23,0,9,15,6,29,14.0,0.0
3777,1.0,7,7,3,18,1,15,15,6,21,4.0,0.0
3779,1.0,7,7,3,18,1,15,15,6,21,6.0,0.0
3780,1.0,7,7,3,18,1,15,15,6,21,7.0,1.0
3783,1.0,7,7,3,18,1,15,15,6,21,10.0,1.0
3784,1.0,7,7,3,18,1,15,15,9,24,11.0,0.0
3786,1.0,7,7,3,18,1,15,15,3,24,13.0,0.0
3787,0.0,7,7,3,18,1,15,15,3,15,14.0,0.0
3827,1.0,7,8,6,28,0,18,10,6,28,4.0,0.0
3829,1.0,7,8,6,28,0,18,10,18,40,6.0,0.0
3831,1.0,7,8,6,28,0,18,10,12,40,8.0,0.0
3832,1.0,7,8,6,28,0,18,10,6,40,9.0,0.0
4036,1.0,8,2,6,23,0,18,10,6,29,8.0,0.0
4080,1.0,8,3,3,28,1,18,10,6,34,5.0,0.0
4082,1.0,8,3,3,28,1,18,10,6,25,7.0,0.0
4084,1.0,8,3,3,28,1,18,10,3,25,9.0,0.0
4112,1.0,8,4,6,18,0,12,15,12,30,1.0,0.0
4120,1.0,8,4,6,18,0,12,15,6,18,9.0,0.0
4121,1.0,8,4,6,18,0,12,15,6,30,10.0,0.0
4122,1.0,8,4,6,18,0,12,15,12,24,11.0,0.0
4123,1.0,8,4,6,18,0,12,15,12,30,12.0,1.0
4124,1.0,8,4,6,18,0,12,15,12,24,13.0,0.0
4125,1.0,8,4,6,18,0,12,15,6,18,14.0,0.0
4284,1.0,8,8,6,18,0,12,15,12,30,5.0,0.0
4285,1.0,8,8,6,18,0,12,15,6,18,6.0,0.0
4287,1.0,8,8,6,18,0,12,15,12,30,8.0,0.0
4289,1.0,8,8,6,18,0,12,15,12,30,10.0,1.0
4290,1.0,8,8,6,18,0,12,15,6,30,11.0,0.0
4293,1.0,8,8,6,18,0,12,15,12,24,14.0,0.0
4343,1.0,8,9,3,28,1,15,10,3,25,4.0,0.0
4347,1.0,8,9,3,28,1,15,10,3,25,8.0,0.0
4348,1.0,8,9,3,28,1,15,10,6,31,9.0,0.0
4389,1.0,8,10,6,18,1,12,15,6,18,1.0,0.0
4398,1.0,8,10,6,18,1,12,15,18,30,10.0,0.0
4399,1.0,8,10,6,18,1,12,15,6,18,11.0,1.0
4401,1.0,8,10,6,18,1,12,15,6,30,13.0,0.0
4608,1.0,9,4,3,28,1,18,10,3,28,4.0,0.0
4609,1.0,9,4,3,28,1,18,10,3,31,5.0,0.0
4613,1.0,9,4,3,28,1,18,10,6,28,9.0,0.0
4646,1.0,9,5,6,18,0,9,15,12,24,4.0,0.0
4650,1.0,9,5,6,18,0,9,15,6,24,8.0,0.0
4652,1.0,9,5,6,18,0,9,15,6,24,10.0,1.0
4653,1.0,9,5,6,18,0,9,15,12,24,11.0,1.0
4654,1.0,9,5,6,18,0,9,15,12,30,12.0,0.0
4655,1.0,9,5,6,18,0,9,15,12,30,13.0,1.0
4656,1.0,9,5,6,18,0,9,15,6,24,14.0,0.0
4750,1.0,9,7,3,23,1,12,15,3,26,6.0,0.0
4752,1.0,9,7,3,23,1,12,15,9,29,8.0,0.0
4753,1.0,9,7,3,23,1,12,15,3,26,9.0,0.0
4754,1.0,9,7,3,23,1,12,15,3,23,10.0,0.0
4755,1.0,9,7,3,23,1,12,15,3,23,11.0,1.0
4756,1.0,9,7,3,23,1,12,15,3,26,12.0,1.0
4757,1.0,9,7,3,23,1,12,15,9,29,13.0,1.0
4806,1.0,9,8,6,28,0,18,10,6,40,4.0,0.0
4808,1.0,9,8,6,28,0,18,10,6,28,6.0,0.0
4811,1.0,9,8,6,28,0,18,10,12,34,9.0,0.0
4838,1.0,9,9,3,23,1,9,15,3,23,3.0,0.0
4843,1.0,9,9,3,23,1,9,15,9,29,8.0,0.0
4844,1.0,9,9,3,23,1,9,15,6,29,9.0,0.0
4845,1.0,9,9,3,23,1,9,15,6,29,10.0,1.0
4846,1.0,9,9,3,23,1,9,15,6,26,11.0,0.0
4847,0.0,9,9,3,23,1,9,15,6,23,12.0,0.0
4848,1.0,9,9,3,23,1,9,15,9,29,13.0,1.0
4895,1.0,9,10,6,28,0,18,10,6,28,4.0,0.0
4897,1.0,9,10,6,28,0,18,10,18,40,6.0,0.0
4899,1.0,9,10,6,28,0,18,10,12,40,8.0,0.0
4979,1.0,10,1,3,18,0,9,15,3,24,3.0,0.0
4981,1.0,10,1,3,18,0,9,15,3,18,5.0,0.0
4986,1.0,10,1,3,18,0,9,15,6,21,10.0,0.0
4987,1.0,10,1,3,18,0,9,15,3,18,11.0,0.0
4988,1.0,10,1,3,18,0,9,15,6,21,12.0,0.0
4989,1.0,10,1,3,18,0,9,15,3,18,13.0,1.0
4990,1.0,10,1,3,18,0,9,15,3,18,14.0,1.0
5042,1.0,10,2,6,23,0,15,10,6,23,3.0,0.0
5045,1.0,10,2,6,23,0,15,10,12,35,6.0,0.0
5096,1.0,10,3,3,28,1,18,15,6,34,2.0,0.0
5101,1.0,10,3,3,28,1,18,15,9,34,7.0,0.0
5103,1.0,10,3,3,28,1,18,15,6,34,9.0,1.0
5104,1.0,10,3,3,28,1,18,15,3,31,10.0,0.0
5105,1.0,10,3,3,28,1,18,15,6,31,11.0,0.0
5106,1.0,10,3,3,28,1,18,15,3,31,12.0,1.0
5107,1.0,10,3,3,28,1,18,15,6,31,13.0,1.0
5108,1.0,10,3,3,28,1,18,15,3,34,14.0,0.0
5186,1.0,10,5,6,23,0,12,10,12,29,4.0,0.0
5187,1.0,10,5,6,23,0,12,10,6,29,5.0,0.0
5190,1.0,10,5,6,23,0,12,10,12,29,8.0,0.0
5191,1.0,10,5,6,23,0,12,10,18,35,9.0,0.0
5332,1.0,10,9,6,28,0,9,15,12,40,5.0,0.0
5333,1.0,10,9,6,28,0,9,15,6,28,6.0,0.0
5334,1.0,10,9,6,28,0,9,15,18,40,7.0,0.0
5335,1.0,10,9,6,28,0,9,15,18,40,8.0,1.0
5338,1.0,10,9,6,28,0,9,15,12,40,11.0,0.0
5339,1.0,10,9,6,28,0,9,15,12,40,12.0,1.0
5340,1.0,10,9,6,28,0,9,15,6,28,13.0,0.0
5341,1.0,10,9,6,28,0,9,15,18,40,14.0,0.0
5386,1.0,10,10,3,18,1,18,10,3,18,3.0,0.0
5392,1.0,10,10,3,18,1,18,10,3,18,9.0,0.0
5430,1.0,11,0,6,28,1,12,15,6,34,6.0,0.0
5434,0.0,11,0,6,28,1,12,15,6,34,10.0,0.0
5435,0.0,11,0,6,28,1,12,15,12,28,11.0,0.0
5436,1.0,11,0,6,28,1,12,15,12,28,12.0,1.0
5437,1.0,11,0,6,28,1,12,15,6,34,13.0,1.0
5438,1.0,11,0,6,28,1,12,15,12,28,14.0,0.0
5514,1.0,11,2,3,23,0,9,15,3,20,4.0,0.0
5520,1.0,11,2,3,23,0,9,15,3,29,10.0,0.0
5521,0.0,11,2,3,23,0,9,15,3,26,11.0,0.0
5522,1.0,11,2,3,23,0,9,15,6,26,12.0,0.0
5523,1.0,11,2,3,23,0,9,15,3,26,13.0,0.0
5524,0.0,11,2,3,23,0,9,15,3,23,14.0,1.0
5611,1.0,11,4,6,28,0,18,10,12,34,3.0,0.0
5614,1.0,11,4,6,28,0,18,10,18,40,6.0,0.0
5616,1.0,11,4,6,28,0,18,10,6,40,8.0,0.0
5741,1.0,11,7,3,18,0,12,10,6,21,3.0,0.0
5744,1.0,11,7,3,18,0,12,10,9,24,6.0,0.0
5746,1.0,11,7,3,18,0,12,10,6,21,8.0,0.0
5786,0.0,11,8,3,23,1,9,10,6,20,4.0,0.0
5787,1.0,11,8,3,23,1,9,10,3,26,5.0,0.0
5788,1.0,11,8,3,23,1,9,10,3,26,6.0,0.0
5790,1.0,11,8,3,23,1,9,10,3,23,8.0,0.0
5835,1.0,11,9,6,23,0,15,15,6,23,5.0,0.0
5839,1.0,11,9,6,23,0,15,15,12,29,9.0,0.0
5840,1.0,11,9,6,23,0,15,15,6,29,10.0,0.0
5841,1.0,11,9,6,23,0,15,15,6,29,11.0,0.0
5842,1.0,11,9,6,23,0,15,15,12,35,12.0,0.0
5843,1.0,11,9,6,23,0,15,15,6,29,13.0,1.0
5844,1.0,11,9,6,23,0,15,15,18,35,14.0,0.0
5961,1.0,12,1,3,28,1,18,15,3,28,7.0,0.0
5962,1.0,12,1,3,28,1,18,15,9,34,8.0,0.0
5963,1.0,12,1,3,28,1,18,15,6,31,9.0,0.0
5964,1.0,12,1,3,28,1,18,15,3,34,10.0,0.0
5965,1.0,12,1,3,28,1,18,15,9,34,11.0,0.0
5967,1.0,12,1,3,28,1,18,15,6,34,13.0,0.0
6048,1.0,12,3,3,18,0,12,15,3,24,6.0,0.0
6051,1.0,12,3,3,18,0,12,15,9,24,9.0,0.0
6052,1.0,12,3,3,18,0,12,15,3,18,10.0,0.0
6054,1.0,12,3,3,18,0,12,15,9,24,12.0,1.0
6055,1.0,12,3,3,18,0,12,15,6,21,13.0,0.0
6056,1.0,12,3,3,18,0,12,15,3,24,14.0,1.0
6137,1.0,12,5,3,28,1,18,10,3,28,5.0,0.0
6138,1.0,12,5,3,28,1,18,10,3,34,6.0,0.0
6179,1.0,12,6,3,28,0,12,10,6,31,6.0,0.0
6181,1.0,12,6,3,28,0,12,10,9,34,8.0,0.0
6182,1.0,12,6,3,28,0,12,10,3,25,9.0,0.0
6233,1.0,12,7,6,18,1,18,15,12,30,2.0,0.0
6240,1.0,12,7,6,18,1,18,15,12,30,9.0,1.0
6241,1.0,12,7,6,18,1,18,15,6,24,10.0,0.0
6244,1.0,12,7,6,18,1,18,15,18,30,13.0,0.0
6245,1.0,12,7,6,18,1,18,15,6,18,14.0,0.0
6365,1.0,12,10,3,28,1,12,10,3,31,4.0,0.0
6369,1.0,12,10,3,28,1,12,10,3,31,8.0,0.0
6413,1.0,13,0,3,23,0,15,10,6,26,2.0,0.0
6416,1.0,13,0,3,23,0,15,10,3,23,5.0,0.0
6417,0.0,13,0,3,23,0,15,10,3,26,6.0,0.0
6419,1.0,13,0,3,23,0,15,10,3,26,8.0,0.0
6494,1.0,13,2,6,28,0,15,15,6,28,4.0,0.0
6496,1.0,13,2,6,28,0,15,15,12,40,6.0,0.0
6500,1.0,13,2,6,28,0,15,15,12,34,10.0,0.0
6501,1.0,13,2,6,28,0,15,15,18,40,11.0,0.0
6502,1.0,13,2,6,28,0,15,15,12,34,12.0,0.0
6503,1.0,13,2,6,28,0,15,15,12,34,13.0,1.0
6596,1.0,13,4,6,23,1,18,15,12,23,4.0,0.0
6599,1.0,13,4,6,23,1,18,15,18,35,7.0,0.0
6601,0.0,13,4,6,23,1,18,15,6,29,9.0,0.0
6602,1.0,13,4,6,23,1,18,15,6,29,10.0,1.0
6605,1.0,13,4,6,23,1,18,15,12,23,13.0,1.0
6606,1.0,13,4,6,23,1,18,15,18,35,14.0,1.0
6637,1.0,13,5,3,18,0,9,10,9,24,7.0,0.0
6638,0.0,13,5,3,18,0,9,10,3,15,8.0,0.0
6802,1.0,13,9,3,18,0,15,15,3,21,3.0,0.0
6805,0.0,13,9,3,18,0,15,15,3,24,6.0,1.0
6807,1.0,13,9,3,18,0,15,15,3,18,8.0,0.0
6809,1.0,13,9,3,18,0,15,15,3,21,10.0,0.0
6810,1.0,13,9,3,18,0,15,15,3,18,11.0,1.0
6811,1.0,13,9,3,18,0,15,15,6,18,12.0,0.0
6813,0.0,13,9,3,18,0,15,15,3,24,14.0,1.0
6865,1.0,13,10,3,28,1,18,10,9,34,6.0,0.0
6867,1.0,13,10,3,28,1,18,10,3,25,8.0,0.0
6993,1.0,14,2,3,28,0,18,15,9,34,8.0,0.0
6994,1.0,14,2,3,28,0,18,15,3,31,9.0,0.0
6995,1.0,14,2,3,28,0,18,15,3,31,10.0,0.0
6996,1.0,14,2,3,28,0,18,15,3,28,11.0,0.0
6997,1.0,14,2,3,28,0,18,15,3,31,12.0,1.0
7036,1.0,14,3,6,23,1,12,10,6,23,5.0,0.0
7038,1.0,14,3,6,23,1,12,10,6,23,7.0,0.0
7039,1.0,14,3,6,23,1,12,10,18,35,8.0,0.0
7089,1.0,14,4,3,28,0,18,10,6,31,5.0,0.0
7090,1.0,14,4,3,28,0,18,10,9,34,6.0,0.0
7092,1.0,14,4,3,28,0,18,10,3,28,8.0,0.0
7093,1.0,14,4,3,28,0,18,10,6,34,9.0,0.0
7240,1.0,14,8,6,28,1,9,15,18,40,2.0,0.0
7242,1.0,14,8,6,28,1,9,15,6,34,4.0,0.0
7244,1.0,14,8,6,28,1,9,15,6,34,6.0,1.0
7247,1.0,14,8,6,28,1,9,15,6,34,9.0,0.0
7248,1.0,14,8,6,28,1,9,15,12,40,10.0,0.0
7250,1.0,14,8,6,28,1,9,15,6,40,12.0,0.0
7251,1.0,14,8,6,28,1,9,15,18,40,13.0,1.0
7252,1.0,14,8,6,28,1,9,15,12,34,14.0,0.0
7296,1.0,14,9,3,28,0,12,15,6,34,3.0,0.0
7298,1.0,14,9,3,28,0,12,15,3,31,5.0,0.0
7299,1.0,14,9,3,28,0,12,15,6,34,6.0,1.0
7301,1.0,14,9,3,28,0,12,15,3,25,8.0,0.0
7303,1.0,14,9,3,28,0,12,15,9,25,10.0,0.0
7304,1.0,14,9,3,28,0,12,15,9,25,11.0,0.0
7305,1.0,14,9,3,28,0,12,15,3,31,12.0,1.0
7356,1.0,14,10,6,23,1,18,10,12,35,5.0,0.0
7358,1.0,14,10,6,23,1,18,10,18,35,7.0,0.0
7447,1.0,15,1,6,18,0,9,10,6,24,6.0,0.0
7450,0.0,15,1,6,18,0,9,10,6,12,9.0,0.0
7494,1.0,15,2,6,28,0,9,15,6,40,6.0,0.0
7496,1.0,15,2,6,28,0,9,15,12,34,8.0,0.0
7497,1.0,15,2,6,28,0,9,15,6,28,9.0,0.0
7499,1.0,15,2,6,28,0,9,15,18,40,11.0,0.0
7500,1.0,15,2,6,28,0,9,15,6,40,12.0,0.0
7501,1.0,15,2,6,28,0,9,15,6,40,13.0,1.0
7502,1.0,15,2,6,28,0,9,15,12,34,14.0,1.0
7552,1.0,15,3,3,18,1,12,15,3,18,4.0,0.0
7553,1.0,15,3,3,18,1,12,15,3,18,5.0,0.0
7556,1.0,15,3,3,18,1,12,15,3,24,8.0,0.0
7562,1.0,15,3,3,18,1,12,15,3,18,14.0,1.0
7599,1.0,15,4,3,28,1,9,15,6,31,2.0,0.0
7604,1.0,15,4,3,28,1,9,15,3,28,7.0,0.0
7605,1.0,15,4,3,28,1,9,15,6,31,8.0,0.0
7606,1.0,15,4,3,28,1,9,15,3,28,9.0,0.0
7607,1.0,15,4,3,28,1,9,15,9,34,10.0,0.0
7609,1.0,15,4,3,28,1,9,15,3,31,12.0,0.0
7610,1.0,15,4,3,28,1,9,15,3,28,13.0,1.0
7689,1.0,15,6,6,28,1,12,10,12,34,5.0,0.0
7690,1.0,15,6,6,28,1,12,10,6,40,6.0,0.0
7819,1.0,15,9,3,18,1,18,10,3,24,3.0,0.0
7823,1.0,15,9,3,18,1,18,10,9,24,7.0,0.0
7889,1.0,16,0,3,18,0,12,10,6,18,5.0,0.0
7890,1.0,16,0,3,18,0,12,10,6,24,6.0,0.0
7891,1.0,16,0,3,18,0,12,10,3,21,7.0,0.0
7893,1.0,16,0,3,18,0,12,10,6,15,9.0,0.0
7927,1.0,16,1,6,28,1,9,15,12,34,4.0,0.0
7932,1.0,16,1,6,28,1,9,15,18,40,9.0,0.0
7935,1.0,16,1,6,28,1,9,15,6,40,12.0,0.0
7936,1.0,16,1,6,28,1,9,15,12,34,13.0,1.0
8066,0.0,16,4,3,18,0,12,15,3,18,4.0,0.0
8067,1.0,16,4,3,18,0,12,15,3,18,5.0,1.0
8070,0.0,16,4,3,18,0,12,15,9,15,8.0,0.0
8073,0.0,16,4,3,18,0,12,15,9,15,11.0,0.0
8163,1.0,16,6,6,28,1,18,10,6,40,6.0,0.0
8165,1.0,16,6,6,28,1,18,10,6,28,8.0,0.0
8252,1.0,16,8,6,18,0,9,10,18,30,5.0,0.0
8253,1.0,16,8,6,18,0,9,10,6,30,6.0,0.0
8254,0.0,16,8,6,18,0,9,10,6,30,7.0,0.0
8255,0.0,16,8,6,18,0,9,10,18,12,8.0,0.0
8330,1.0,16,10,3,18,0,9,15,9,15,4.0,0.0
8331,1.0,16,10,3,18,0,9,15,3,15,5.0,0.0
8333,1.0,16,10,3,18,0,9,15,6,18,7.0,0.0
8336,1.0,16,10,3,18,0,9,15,6,18,10.0,1.0
8337,1.0,16,10,3,18,0,9,15,9,15,11.0,1.0
8338,1.0,16,10,3,18,0,9,15,9,15,12.0,0.0
8339,0.0,16,10,3,18,0,9,15,3,18,13.0,0.0
8474,1.0,17,2,3,18,1,18,10,6,18,3.0,0.0
8477,1.0,17,2,3,18,1,18,10,6,21,6.0,0.0
8478,0.0,17,2,3,18,1,18,10,6,24,7.0,0.0
8479,1.0,17,2,3,18,1,18,10,3,18,8.0,0.0
8557,1.0,17,4,3,28,0,18,10,6,25,2.0,0.0
8560,1.0,17,4,3,28,0,18,10,9,25,5.0,0.0
8562,1.0,17,4,3,28,0,18,10,3,34,7.0,0.0
8604,0.0,17,5,6,18,1,15,15,12,24,5.0,0.0
8612,1.0,17,5,6,18,1,15,15,6,30,13.0,0.0
8613,1.0,17,5,6,18,1,15,15,6,30,14.0,1.0
8647,1.0,17,6,6,23,0,12,10,12,23,4.0,0.0
8694,1.0,17,7,3,28,1,15,15,6,34,1.0,0.0
8699,1.0,17,7,3,28,1,15,15,3,25,6.0,0.0
8702,1.0,17,7,3,28,1,15,15,3,25,9.0,1.0
8703,1.0,17,7,3,28,1,15,15,6,31,10.0,0.0
8704,1.0,17,7,3,28,1,15,15,6,31,11.0,1.0
8705,1.0,17,7,3,28,1,15,15,9,34,12.0,0.0
8706,1.0,17,7,3,28,1,15,15,3,28,13.0,0.0
8707,1.0,17,7,3,28,1,15,15,6,34,14.0,1.0
8788,1.0,17,9,6,23,1,12,15,6,23,4.0,0.0
8790,0.0,17,9,6,23,1,12,15,6,35,6.0,0.0
8792,1.0,17,9,6,23,1,12,15,6,35,8.0,1.0
8793,0.0,17,9,6,23,1,12,15,6,35,9.0,0.0
8794,1.0,17,9,6,23,1,12,15,12,35,10.0,0.0
8795,1.0,17,9,6,23,1,12,15,12,29,11.0,0.0
8796,0.0,17,9,6,23,1,12,15,6,29,12.0,1.0
8797,1.0,17,9,6,23,1,12,15,12,29,13.0,1.0
8798,1.0,17,9,6,23,1,12,15,6,23,14.0,1.0
8907,1.0,18,1,3,28,1,12,10,3,25,7.0,0.0
8908,1.0,18,1,3,28,1,12,10,6,31,8.0,0.0
8909,1.0,18,1,3,28,1,12,10,3,31,9.0,0.0
8948,1.0,18,2,3,18,0,9,15,3,24,4.0,0.0
8950,1.0,18,2,3,18,0,9,15,3,18,6.0,0.0
8952,1.0,18,2,3,18,0,9,15,6,24,8.0,0.0
8954,1.0,18,2,3,18,0,9,15,9,24,10.0,0.0
8956,1.0,18,2,3,18,0,9,15,6,21,12.0,0.0
9083,1.0,18,5,6,28,0,18,15,18,40,4.0,0.0
9087,1.0,18,5,6,28,0,18,15,6,28,8.0,0.0
9088,1.0,18,5,6,28,0,18,15,18,40,9.0,1.0
9092,1.0,18,5,6,28,0,18,15,12,40,13.0,0.0
9093,1.0,18,5,6,28,0,18,15,18,40,14.0,0.0
9124,1.0,18,6,6,18,1,15,10,6,24,1.0,0.0
9127,1.0,18,6,6,18,1,15,10,6,24,4.0,0.0
9129,1.0,18,6,6,18,1,15,10,6,24,6.0,0.0
9181,0.0,18,7,3,28,0,18,10,9,34,8.0,0.0
9224,1.0,18,8,6,23,0,15,15,6,29,2.0,0.0
9229,1.0,18,8,6,23,0,15,15,6,23,7.0,0.0
9232,1.0,18,8,6,23,0,15,15,12,29,10.0,0.0
9235,1.0,18,8,6,23,0,15,15,6,29,13.0,0.0
9236,1.0,18,8,6,23,0,15,15,6,29,14.0,1.0
9372,1.0,19,0,6,23,1,18,15,6,29,6.0,0.0
9374,1.0,19,0,6,23,1,18,15,6,29,8.0,1.0
9377,1.0,19,0,6,23,1,18,15,12,35,11.0,0.0
9379,1.0,19,0,6,23,1,18,15,12,35,13.0,0.0
9415,1.0,19,1,3,28,0,9,10,3,34,1.0,0.0
9422,1.0,19,1,3,28,0,9,10,3,31,8.0,0.0
9423,1.0,19,1,3,28,0,9,10,3,34,9.0,0.0
9471,1.0,19,2,6,18,1,12,10,6,24,7.0,0.0
9472,1.0,19,2,6,18,1,12,10,6,30,8.0,0.0
9473,1.0,19,2,6,18,1,12,10,18,30,9.0,0.0
9518,1.0,19,3,3,18,0,18,15,3,18,6.0,0.0
9522,1.0,19,3,3,18,0,18,15,3,18,10.0,1.0
9523,1.0,19,3,3,18,0,18,15,6,24,11.0,0.0
9524,1.0,19,3,3,18,0,18,15,6,21,12.0,0.0
9525,1.0,19,3,3,18,0,18,15,9,24,13.0,0.0
9526,1.0,19,3,3,18,0,18,15,9,24,14.0,0.0
9648,1.0,19,6,6,23,0,15,10,18,35,3.0,0.0
9649,1.0,19,6,6,23,0,15,10,12,17,4.0,0.0
9735,1.0,19,8,6,18,1,18,15,6,18,3.0,0.0
9736,1.0,19,8,6,18,1,18,15,6,18,4.0,1.0
9740,1.0,19,8,6,18,1,18,15,18,30,8.0,0.0
9742,1.0,19,8,6,18,1,18,15,12,24,10.0,0.0
9743,1.0,19,8,6,18,1,18,15,18,30,11.0,0.0
9744,1.0,19,8,6,18,1,18,15,18,30,12.0,1.0
9745,1.0,19,8,6,18,1,18,15,6,24,13.0,0.0
9746,1.0,19,8,6,18,1,18,15,6,24,14.0,1.0
9903,1.0,20,1,3,28,0,12,15,3,34,4.0,0.0
9905,1.0,20,1,3,28,0,12,15,9,34,6.0,0.0
9906,0.0,20,1,3,28,0,12,15,6,31,7.0,0.0
9909,1.0,20,1,3,28,0,12,15,3,31,10.0,0.0
9912,1.0,20,1,3,28,0,12,15,3,34,13.0,1.0
9956,1.0,20,2,3,18,0,15,15,3,18,2.0,0.0
9957,0.0,20,2,3,18,0,15,15,3,18,3.0,0.0
9960,1.0,20,2,3,18,0,15,15,6,21,6.0,0.0
9961,1.0,20,2,3,18,0,15,15,6,21,7.0,1.0
9962,1.0,20,2,3,18,0,15,15,3,21,8.0,0.0
9964,0.0,20,2,3,18,0,15,15,3,21,10.0,0.0
9965,1.0,20,2,3,18,0,15,15,3,18,11.0,1.0
10008,1.0,20,3,6,28,1,18,10,12,40,4.0,0.0
10010,1.0,20,3,6,28,1,18,10,12,34,6.0,0.0
10012,1.0,20,3,6,28,1,18,10,6,34,8.0,0.0
10041,1.0,20,4,3,23,0,9,15,3,20,4.0,0.0
10042,1.0,20,4,3,23,0,9,15,6,29,5.0,0.0
10043,1.0,20,4,3,23,0,9,15,6,20,6.0,0.0
10047,1.0,20,4,3,23,0,9,15,3,26,10.0,0.0
10049,1.0,20,4,3,23,0,9,15,9,29,12.0,0.0
10050,0.0,20,4,3,23,0,9,15,3,23,13.0,0.0
10051,1.0,20,4,3,23,0,9,15,6,29,14.0,1.0
10223,1.0,20,8,3,18,1,9,10,3,21,8.0,0.0
10224,1.0,20,8,3,18,1,9,10,3,24,9.0,0.0
10277,1.0,20,9,6,18,0,18,10,12,24,6.0,0.0
10278,1.0,20,9,6,18,0,18,10,18,30,7.0,0.0
10280,1.0,20,9,6,18,0,18,10,12,24,9.0,0.0
10357,1.0,21,0,6,28,1,12,10,6,40,8.0,0.0
10358,0.0,21,0,6,28,1,12,10,12,22,9.0,0.0
10401,1.0,21,1,3,18,0,9,15,3,18,3.0,0.0
10405,0.0,21,1,3,18,0,9,15,3,18,7.0,0.0
10406,0.0,21,1,3,18,0,9,15,9,24,8.0,0.0
10407,1.0,21,1,3,18,0,9,15,3,24,9.0,0.0
10411,1.0,21,1,3,18,0,9,15,3,18,13.0,0.0
10412,0.0,21,1,3,18,0,9,15,3,21,14.0,1.0
10541,1.0,21,4,6,18,0,15,15,6,24,6.0,0.0
10542,1.0,21,4,6,18,0,15,15,6,30,7.0,0.0
10545,1.0,21,4,6,18,0,15,15,12,30,10.0,0.0
10546,0.0,21,4,6,18,0,15,15,6,18,11.0,0.0
10547,1.0,21,4,6,18,0,15,15,6,30,12.0,0.0
10548,1.0,21,4,6,18,0,15,15,12,24,13.0,0.0
10549,1.0,21,4,6,18,0,15,15,12,24,14.0,1.0
10676,0.0,21,7,6,18,0,18,10,12,24,7.0,0.0
10677,1.0,21,7,6,18,0,18,10,6,12,8.0,0.0
10678,1.0,21,7,6,18,0,18,10,6,24,9.0,0.0
10713,1.0,21,8,6,28,0,9,15,12,28,6.0,0.0
10714,0.0,21,8,6,28,0,9,15,12,34,7.0,0.0
10716,0.0,21,8,6,28,0,9,15,6,34,9.0,0.0
10717,1.0,21,8,6,28,0,9,15,6,28,10.0,0.0
10718,0.0,21,8,6,28,0,9,15,18,22,11.0,0.0
10720,1.0,21,8,6,28,0,9,15,12,40,13.0,0.0
10721,1.0,21,8,6,28,0,9,15,12,34,14.0,1.0
10767,1.0,21,9,3,23,1,12,10,3,29,5.0,0.0
10771,1.0,21,9,3,23,1,12,10,9,20,9.0,0.0
10914,1.0,22,2,3,23,1,18,10,9,29,3.0,0.0
10917,1.0,22,2,3,23,1,18,10,9,20,6.0,0.0
10919,1.0,22,2,3,23,1,18,10,3,26,8.0,0.0
11038,0.0,22,5,3,23,1,15,10,6,26,4.0,0.0
11040,1.0,22,5,3,23,1,15,10,9,29,6.0,0.0
11043,1.0,22,5,3,23,1,15,10,3,23,9.0,0.0
11127,1.0,22,7,3,28,0,15,15,6,34,4.0,0.0
11129,1.0,22,7,3,28,0,15,15,9,25,6.0,0.0
11134,1.0,22,7,3,28,0,15,15,3,25,11.0,0.0
11135,1.0,22,7,3,28,0,15,15,6,31,12.0,0.0
11137,1.0,22,7,3,28,0,15,15,3,31,14.0,0.0
11181,1.0,22,8,3,18,0,15,15,6,24,6.0,0.0
11182,1.0,22,8,3,18,0,15,15,3,24,7.0,0.0
11184,1.0,22,8,3,18,0,15,15,3,18,9.0,0.0
11185,1.0,22,8,3,18,0,15,15,6,21,10.0,0.0
11187,1.0,22,8,3,18,0,15,15,3,18,12.0,1.0
11189,1.0,22,8,3,18,0,15,15,3,18,14.0,0.0
11227,1.0,22,9,6,18,1,12,15,12,24,3.0,0.0
11228,1.0,22,9,6,18,1,12,15,12,24,4.0,1.0
11232,1.0,22,9,6,18,1,12,15,6,18,8.0,0.0
11233,1.0,22,9,6,18,1,12,15,6,24,9.0,0.0
11236,1.0,22,9,6,18,1,12,15,6,18,12.0,0.0
11237,1.0,22,9,6,18,1,12,15,6,24,13.0,1.0
11238,1.0,22,9,6,18,1,12,15,6,18,14.0,1.0
11285,1.0,22,10,6,23,0,9,10,6,29,7.0,0.0
11287,1.0,22,10,6,23,0,9,10,18,17,9.0,0.0
11341,1.0,23,0,6,28,1,18,10,12,40,7.0,0.0
11342,0.0,23,0,6,28,1,18,10,12,34,8.0,0.0
11343,1.0,23,0,6,28,1,18,10,6,34,9.0,0.0
11383,1.0,23,1,3,18,0,15,10,9,15,5.0,0.0
11384,1.0,23,1,3,18,0,15,10,6,18,6.0,0.0
11385,1.0,23,1,3,18,0,15,10,3,21,7.0,0.0
11509,1.0,23,4,3,18,1,15,10,6,21,5.0,0.0
11511,1.0,23,4,3,18,1,15,10,9,24,7.0,0.0
11512,1.0,23,4,3,18,1,15,10,3,18,8.0,0.0
11513,1.0,23,4,3,18,1,15,10,3,21,9.0,0.0
11580,1.0,23,6,6,23,0,9,15,12,29,3.0,0.0
11581,1.0,23,6,6,23,0,9,15,18,35,4.0,0.0
11585,1.0,23,6,6,23,0,9,15,12,23,8.0,0.0
11586,1.0,23,6,6,23,0,9,15,18,35,9.0,0.0
11589,1.0,23,6,6,23,0,9,15,6,29,12.0,0.0
11590,0.0,23,6,6,23,0,9,15,6,29,13.0,0.0
11591,1.0,23,6,6,23,0,9,15,12,29,14.0,1.0
11631,1.0,23,7,3,18,1,12,15,6,24,4.0,0.0
11636,1.0,23,7,3,18,1,12,15,6,21,9.0,0.0
11637,1.0,23,7,3,18,1,12,15,3,21,10.0,0.0
11638,1.0,23,7,3,18,1,12,15,3,21,11.0,0.0
11639,0.0,23,7,3,18,1,12,15,9,24,12.0,0.0
11641,1.0,23,7,3,18,1,12,15,3,21,14.0,1.0
11733,1.0,23,9,6,28,0,12,15,12,34,2.0,0.0
11737,1.0,23,9,6,28,0,12,15,6,34,6.0,0.0
11740,1.0,23,9,6,28,0,12,15,12,34,9.0,1.0
11741,0.0,23,9,6,28,0,12,15,6,34,10.0,0.0
11902,1.0,24,2,3,18,1,9,15,6,15,6.0,0.0
11905,1.0,24,2,3,18,1,9,15,6,24,9.0,0.0
11907,1.0,24,2,3,18,1,9,15,3,24,11.0,0.0
11909,1.0,24,2,3,18,1,9,15,3,21,13.0,0.0
11910,1.0,24,2,3,18,1,9,15,6,24,14.0,0.0
11958,1.0,24,3,6,23,0,15,10,6,17,4.0,0.0
11963,1.0,24,3,6,23,0,15,10,6,23,9.0,0.0
11996,1.0,24,4,6,28,1,9,15,6,28,6.0,0.0
11997,1.0,24,4,6,28,1,9,15,6,28,7.0,0.0
11998,1.0,24,4,6,28,1,9,15,6,28,8.0,0.0
11999,1.0,24,4,6,28,1,9,15,6,40,9.0,0.0
12003,1.0,24,4,6,28,1,9,15,12,22,13.0,0.0
12004,1.0,24,4,6,28,1,9,15,6,28,14.0,1.0
12173,1.0,24,8,6,18,0,18,15,6,18,6.0,0.0
12175,1.0,24,8,6,18,0,18,15,12,18,8.0,0.0
12177,1.0,24,8,6,18,0,18,15,6,18,10.0,1.0
12178,1.0,24,8,6,18,0,18,15,6,30,11.0,0.0
12221,1.0,24,9,3,28,1,18,10,3,31,2.0,0.0
12224,0.0,24,9,3,28,1,18,10,6,25,5.0,0.0
12225,1.0,24,9,3,28,1,18,10,3,34,6.0,0.0
12272,1.0,24,10,3,23,1,15,10,6,20,4.0,0.0
12273,1.0,24,10,3,23,1,15,10,6,29,5.0,0.0
12276,1.0,24,10,3,23,1,15,10,9,29,8.0,0.0
12814,1.0,26,0,3,18,0,15,15,3,21,7.0,0.0
12815,1.0,26,0,3,18,0,15,15,3,24,8.0,0.0
12816,1.0,26,0,3,18,0,15,15,9,24,9.0,0.0
12817,0.0,26,0,3,18,0,15,15,6,21,10.0,0.0
12818,1.0,26,0,3,18,0,15,15,3,15,11.0,0.0
12819,0.0,26,0,3,18,0,15,15,3,21,12.0,1.0
12820,1.0,26,0,3,18,0,15,15,3,18,13.0,0.0
12821,0.0,26,0,3,18,0,15,15,9,15,14.0,1.0
12891,1.0,26,2,6,28,1,12,10,6,28,3.0,0.0
12895,1.0,26,2,6,28,1,12,10,18,40,7.0,0.0
12897,1.0,26,2,6,28,1,12,10,6,28,9.0,0.0
13046,1.0,26,6,6,23,0,9,10,12,35,3.0,0.0
13050,1.0,26,6,6,23,0,9,10,6,23,7.0,0.0
13097,1.0,26,7,3,28,1,9,15,3,28,7.0,0.0
13099,1.0,26,7,3,28,1,9,15,3,31,9.0,0.0
13100,1.0,26,7,3,28,1,9,15,9,34,10.0,0.0
13101,1.0,26,7,3,28,1,9,15,9,34,11.0,0.0
13102,1.0,26,7,3,28,1,9,15,9,34,12.0,1.0
13104,1.0,26,7,3,28,1,9,15,6,34,14.0,0.0
13153,1.0,26,8,6,18,0,12,15,18,30,3.0,0.0
13157,1.0,26,8,6,18,0,12,15,6,24,7.0,0.0
13158,1.0,26,8,6,18,0,12,15,18,30,8.0,1.0
13164,1.0,26,8,6,18,0,12,15,12,30,14.0,0.0
13215,0.0,26,9,3,28,1,18,10,3,25,7.0,0.0
13216,1.0,26,9,3,28,1,18,10,9,34,8.0,0.0
13343,1.0,27,1,6,18,1,18,15,18,30,4.0,0.0
13345,1.0,27,1,6,18,1,18,15,6,18,6.0,0.0
13347,1.0,27,1,6,18,1,18,15,12,24,8.0,0.0
13348,1.0,27,1,6,18,1,18,15,6,18,9.0,0.0
13349,1.0,27,1,6,18,1,18,15,18,30,10.0,1.0
13351,1.0,27,1,6,18,1,18,15,12,24,12.0,0.0
13352,1.0,27,1,6,18,1,18,15,12,30,13.0,0.0
13353,1.0,27,1,6,18,1,18,15,12,24,14.0,1.0
13388,1.0,27,2,3,28,0,9,15,3,31,6.0,0.0
13389,1.0,27,2,3,28,0,9,15,3,31,7.0,1.0
13391,1.0,27,2,3,28,0,9,15,3,34,9.0,0.0
13392,1.0,27,2,3,28,0,9,15,6,34,10.0,0.0
13394,1.0,27,2,3,28,0,9,15,6,34,12.0,1.0
13395,1.0,27,2,3,28,0,9,15,3,34,13.0,1.0
13396,1.0,27,2,3,28,0,9,15,3,28,14.0,0.0
13442,1.0,27,3,6,18,1,9,15,6,24,8.0,0.0
13443,1.0,27,3,6,18,1,9,15,6,24,9.0,1.0
13445,1.0,27,3,6,18,1,9,15,6,30,11.0,0.0
13447,1.0,27,3,6,18,1,9,15,18,30,13.0,0.0
13544,1.0,27,5,3,23,1,18,10,3,29,2.0,0.0
13549,1.0,27,5,3,23,1,18,10,3,26,7.0,0.0
13550,1.0,27,5,3,23,1,18,10,3,23,8.0,0.0
13587,1.0,27,6,6,28,0,12,10,6,34,4.0,0.0
13589,1.0,27,6,6,28,0,12,10,12,34,6.0,0.0
13591,1.0,27,6,6,28,0,12,10,6,22,8.0,0.0
13700,0.0,27,9,6,28,1,15,10,6,28,3.0,0.0
13702,1.0,27,9,6,28,1,15,10,6,34,5.0,0.0
13704,1.0,27,9,6,28,1,15,10,18,40,7.0,0.0
13706,1.0,27,9,6,28,1,15,10,12,34,9.0,0.0
13838,1.0,28,1,3,18,0,18,15,3,18,2.0,0.0
13840,1.0,28,1,3,18,0,18,15,3,18,4.0,1.0
13842,0.0,28,1,3,18,0,18,15,3,24,6.0,0.0
13843,1.0,28,1,3,18,0,18,15,3,18,7.0,0.0
13847,0.0,28,1,3,18,0,18,15,6,18,11.0,0.0
13849,1.0,28,1,3,18,0,18,15,9,24,13.0,0.0
13850,1.0,28,1,3,18,0,18,15,3,24,14.0,1.0
14000,1.0,28,5,3,18,0,12,10,3,15,2.0,0.0
14002,1.0,28,5,3,18,0,12,10,3,18,4.0,0.0
14006,1.0,28,5,3,18,0,12,10,9,24,8.0,0.0
14007,1.0,28,5,3,18,0,12,10,6,15,9.0,0.0
14050,1.0,28,6,3,28,0,12,15,3,34,5.0,0.0
14051,1.0,28,6,3,28,0,12,15,6,28,6.0,0.0
14053,1.0,28,6,3,28,0,12,15,3,28,8.0,0.0
14054,1.0,28,6,3,28,0,12,15,3,34,9.0,1.0
14057,1.0,28,6,3,28,0,12,15,3,28,12.0,1.0
14058,1.0,28,6,3,28,0,12,15,9,34,13.0,0.0
14059,1.0,28,6,3,28,0,12,15,3,34,14.0,0.0
14104,1.0,28,7,6,23,1,18,15,18,35,6.0,0.0
14105,1.0,28,7,6,23,1,18,15,12,35,7.0,0.0
14106,0.0,28,7,6,23,1,18,15,12,29,8.0,0.0
14108,1.0,28,7,6,23,1,18,15,18,35,10.0,1.0
14109,1.0,28,7,6,23,1,18,15,6,29,11.0,0.0
14110,1.0,28,7,6,23,1,18,15,6,23,12.0,0.0
14151,1.0,28,8,3,18,0,15,10,3,18,4.0,0.0
14155,1.0,28,8,3,18,0,15,10,3,21,8.0,0.0
14156,1.0,28,8,3,18,0,15,10,3,18,9.0,0.0
14362,1.0,29,2,3,28,1,9,10,3,25,6.0,0.0
14364,1.0,29,2,3,28,1,9,10,3,31,8.0,0.0
14365,1.0,29,2,3,28,1,9,10,6,31,9.0,0.0
14483,1.0,29,5,6,18,0,9,15,12,24,1.0,0.0
14488,1.0,29,5,6,18,0,9,15,12,24,6.0,1.0
14490,0.0,29,5,6,18,0,9,15,6,24,8.0,0.0
14491,1.0,29,5,6,18,0,9,15,12,12,9.0,0.0
14494,0.0,29,5,6,18,0,9,15,6,24,12.0,0.0
14541,1.0,29,6,6,18,1,18,15,6,18,3.0,0.0
14546,1.0,29,6,6,18,1,18,15,18,30,8.0,0.0
14547,0.0,29,6,6,18,1,18,15,6,24,9.0,0.0
14548,0.0,29,6,6,18,1,18,15,6,30,10.0,0.0
14550,1.0,29,6,6,18,1,18,15,12,30,12.0,0.0
14551,1.0,29,6,6,18,1,18,15,18,30,13.0,0.0
14591,0.0,29,7,3,23,0,9,10,6,29,5.0,0.0
14594,1.0,29,7,3,23,0,9,10,3,26,8.0,0.0
14595,1.0,29,7,3,23,0,9,10,3,26,9.0,0.0
14681,1.0,29,9,6,28,0,12,15,6,28,3.0,0.0
14682,1.0,29,9,6,28,0,12,15,6,28,4.0,0.0
14685,1.0,29,9,6,28,0,12,15,18,40,7.0,0.0
14686,1.0,29,9,6,28,0,12,15,18,40,8.0,1.0
14687,1.0,29,9,6,28,0,12,15,12,22,9.0,0.0
14689,1.0,29,9,6,28,0,12,15,12,22,11.0,1.0
14690,1.0,29,9,6,28,0,12,15,12,40,12.0,0.0
14691,1.0,29,9,6,28,0,12,15,12,40,13.0,1.0
14692,1.0,29,9,6,28,0,12,15,6,28,14.0,1.0
14736,1.0,29,10,6,18,0,12,10,18,12,6.0,0.0
15269,1.0,31,0,6,28,1,12,10,12,40,5.0,0.0
15270,1.0,31,0,6,28,1,12,10,12,34,6.0,0.0
15271,1.0,31,0,6,28,1,12,10,6,28,7.0,0.0
15272,1.0,31,0,6,28,1,12,10,6,28,8.0,0.0
15273,1.0,31,0,6,28,1,12,10,6,40,9.0,0.0
15396,1.0,31,3,6,23,1,15,15,12,29,3.0,0.0
15398,1.0,31,3,6,23,1,15,15,12,29,5.0,0.0
15400,1.0,31,3,6,23,1,15,15,12,29,7.0,1.0
15403,1.0,31,3,6,23,1,15,15,18,35,10.0,0.0
15405,1.0,31,3,6,23,1,15,15,6,23,12.0,0.0
15407,1.0,31,3,6,23,1,15,15,12,29,14.0,1.0
15499,1.0,31,5,3,18,1,18,15,3,15,4.0,0.0
15500,1.0,31,5,3,18,1,18,15,6,21,5.0,0.0
15503,1.0,31,5,3,18,1,18,15,6,18,8.0,0.0
15504,1.0,31,5,3,18,1,18,15,9,15,9.0,0.0
15507,1.0,31,5,3,18,1,18,15,6,21,12.0,1.0
15508,1.0,31,5,3,18,1,18,15,6,15,13.0,0.0
15540,1.0,31,6,6,28,0,9,15,12,22,7.0,0.0
15542,1.0,31,6,6,28,0,9,15,6,40,9.0,0.0
15543,1.0,31,6,6,28,0,9,15,12,22,10.0,1.0
15544,1.0,31,6,6,28,0,9,15,6,40,11.0,0.0
15597,1.0,31,7,3,23,1,18,10,3,20,3.0,0.0
15599,1.0,31,7,3,23,1,18,10,3,20,5.0,0.0
15601,0.0,31,7,3,23,1,18,10,3,23,7.0,0.0
15689,1.0,31,9,6,18,1,18,10,6,24,6.0,0.0
15690,1.0,31,9,6,18,1,18,10,12,30,7.0,0.0
15692,1.0,31,9,6,18,1,18,10,6,24,9.0,0.0
15774,1.0,32,0,3,18,0,18,10,6,24,7.0,0.0
15813,1.0,32,1,6,23,1,12,15,12,29,5.0,0.0
15818,1.0,32,1,6,23,1,12,15,6,23,10.0,0.0
15819,1.0,32,1,6,23,1,12,15,18,35,11.0,0.0
15820,1.0,32,1,6,23,1,12,15,12,35,12.0,0.0
15822,0.0,32,1,6,23,1,12,15,6,17,14.0,1.0
15874,1.0,32,2,6,28,1,18,10,12,34,8.0,0.0
15875,1.0,32,2,6,28,1,18,10,6,28,9.0,0.0
15913,1.0,32,3,3,23,0,18,10,9,20,5.0,0.0
15914,1.0,32,3,3,23,0,18,10,3,26,6.0,0.0
15916,0.0,32,3,3,23,0,18,10,6,20,8.0,0.0
16033,1.0,32,6,3,28,1,12,15,6,31,5.0,0.0
16035,1.0,32,6,3,28,1,12,15,3,31,7.0,0.0
16037,1.0,32,6,3,28,1,12,15,3,34,9.0,0.0
16039,1.0,32,6,3,28,1,12,15,6,34,11.0,0.0
16040,1.0,32,6,3,28,1,12,15,3,34,12.0,1.0
16041,1.0,32,6,3,28,1,12,15,9,34,13.0,0.0
16042,1.0,32,6,3,28,1,12,15,3,31,14.0,1.0
16201,1.0,32,10,6,23,1,9,15,6,35,3.0,0.0
16204,1.0,32,10,6,23,1,9,15,6,35,6.0,1.0
16208,1.0,32,10,6,23,1,9,15,12,35,10.0,0.0
16210,1.0,32,10,6,23,1,9,15,18,35,12.0,0.0
16211,1.0,32,10,6,23,1,9,15,12,29,13.0,0.0
16291,1.0,33,1,6,18,1,9,15,6,12,4.0,0.0
16294,1.0,33,1,6,18,1,9,15,18,30,7.0,0.0
16295,1.0,33,1,6,18,1,9,15,6,24,8.0,0.0
16296,1.0,33,1,6,18,1,9,15,6,12,9.0,1.0
16299,1.0,33,1,6,18,1,9,15,18,30,12.0,1.0
16301,1.0,33,1,6,18,1,9,15,6,30,14.0,0.0
16344,1.0,33,2,3,28,0,9,10,3,28,5.0,0.0
16345,1.0,33,2,3,28,0,9,10,9,34,6.0,0.0
16429,0.0,33,4,6,28,1,12,15,6,28,3.0,0.0
16431,0.0,33,4,6,28,1,12,15,6,34,5.0,1.0
16434,1.0,33,4,6,28,1,12,15,18,40,8.0,0.0
16437,1.0,33,4,6,28,1,12,15,12,40,11.0,0.0
16439,1.0,33,4,6,28,1,12,15,6,40,13.0,0.0
16521,1.0,33,6,6,18,1,15,15,6,30,3.0,0.0
16523,1.0,33,6,6,18,1,15,15,6,30,5.0,0.0
16527,1.0,33,6,6,18,1,15,15,12,24,9.0,0.0
16529,1.0,33,6,6,18,1,15,15,12,30,11.0,0.0
16530,1.0,33,6,6,18,1,15,15,18,30,12.0,0.0
16531,1.0,33,6,6,18,1,15,15,6,24,13.0,0.0
16532,1.0,33,6,6,18,1,15,15,6,12,14.0,0.0
16567,1.0,33,7,3,28,0,15,10,6,34,2.0,0.0
16572,1.0,33,7,3,28,0,15,10,6,31,7.0,0.0
16574,1.0,33,7,3,28,0,15,10,9,34,9.0,0.0
16624,1.0,33,8,3,23,1,18,10,6,29,4.0,0.0
16627,1.0,33,8,3,23,1,18,10,3,29,7.0,0.0
16628,1.0,33,8,3,23,1,18,10,3,20,8.0,0.0
16629,1.0,33,8,3,23,1,18,10,6,20,9.0,0.0
16742,1.0,34,0,6,28,0,12,10,6,34,2.0,0.0
16746,1.0,34,0,6,28,0,12,10,6,34,6.0,0.0
16749,0.0,34,0,6,28,0,12,10,6,28,9.0,0.0
16785,1.0,34,1,3,23,1,9,15,6,26,6.0,0.0
16788,1.0,34,1,3,23,1,9,15,6,26,9.0,0.0
16790,1.0,34,1,3,23,1,9,15,3,23,11.0,0.0
16791,1.0,34,1,3,23,1,9,15,3,23,12.0,1.0
16792,1.0,34,1,3,23,1,9,15,3,20,13.0,0.0
16793,1.0,34,1,3,23,1,9,15,6,26,14.0,1.0
16906,1.0,34,4,6,18,0,12,15,18,30,3.0,0.0
16907,1.0,34,4,6,18,0,12,15,6,30,4.0,0.0
16911,1.0,34,4,6,18,0,12,15,18,30,8.0,1.0
16912,1.0,34,4,6,18,0,12,15,12,30,9.0,0.0
16914,1.0,34,4,6,18,0,12,15,6,24,11.0,0.0
16915,1.0,34,4,6,18,0,12,15,12,30,12.0,1.0
16916,1.0,34,4,6,18,0,12,15,18,30,13.0,0.0
16917,1.0,34,4,6,18,0,12,15,6,18,14.0,0.0
16965,1.0,34,5,3,23,1,18,10,3,26,4.0,0.0
16968,1.0,34,5,3,23,1,18,10,3,26,7.0,0.0
16970,1.0,34,5,3,23,1,18,10,3,23,9.0,0.0
17014,1.0,34,6,3,23,0,15,15,9,20,4.0,0.0
17017,1.0,34,6,3,23,0,15,15,9,20,7.0,1.0
17018,1.0,34,6,3,23,0,15,15,6,26,8.0,0.0
17019,1.0,34,6,3,23,0,15,15,6,23,9.0,0.0
17020,1.0,34,6,3,23,0,15,15,3,20,10.0,0.0
17022,1.0,34,6,3,23,0,15,15,3,20,12.0,1.0
17024,1.0,34,6,3,23,0,15,15,3,29,14.0,0.0
17161,1.0,34,9,6,18,0,12,10,6,18,8.0,0.0
17162,1.0,34,9,6,18,0,12,10,18,30,9.0,0.0
17235,1.0,35,0,3,28,1,12,15,6,31,3.0,0.0
17240,1.0,35,0,3,28,1,12,15,3,31,8.0,0.0
17241,1.0,35,0,3,28,1,12,15,6,34,9.0,0.0
17242,1.0,35,0,3,28,1,12,15,3,28,10.0,0.0
17244,1.0,35,0,3,28,1,12,15,3,31,12.0,1.0
17245,1.0,35,0,3,28,1,12,15,6,34,13.0,1.0
17246,1.0,35,0,3,28,1,12,15,3,31,14.0,0.0
17324,1.0,35,2,3,18,0,9,10,3,21,6.0,0.0
17325,1.0,35,2,3,18,0,9,10,3,15,7.0,0.0
17326,1.0,35,2,3,18,0,9,10,9,24,8.0,0.0
17327,1.0,35,2,3,18,0,9,10,9,24,9.0,0.0
17406,1.0,35,4,6,23,0,12,15,18,35,1.0,0.0
17410,1.0,35,4,6,23,0,12,15,18,35,5.0,1.0
17413,1.0,35,4,6,23,0,12,15,6,35,8.0,0.0
17414,1.0,35,4,6,23,0,12,15,6,35,9.0,1.0
17416,1.0,35,4,6,23,0,12,15,6,29,11.0,0.0
17418,1.0,35,4,6,23,0,12,15,12,29,13.0,0.0
17419,1.0,35,4,6,23,0,12,15,6,29,14.0,0.0
17503,1.0,35,6,6,28,0,9,15,6,34,2.0,0.0
17508,1.0,35,6,6,28,0,9,15,12,34,7.0,0.0
17511,1.0,35,6,6,28,0,9,15,6,40,10.0,0.0
17512,1.0,35,6,6,28,0,9,15,12,40,11.0,0.0
17513,1.0,35,6,6,28,0,9,15,6,40,12.0,1.0
17515,1.0,35,6,6,28,0,9,15,12,34,14.0,1.0
17571,1.0,35,7,3,23,1,15,10,6,29,7.0,0.0
17573,1.0,35,7,3,23,1,15,10,3,29,9.0,0.0
17654,1.0,35,9,6,28,0,9,10,12,40,7.0,0.0
17656,1.0,35,9,6,28,0,9,10,18,40,9.0,0.0
17731,1.0,36,0,3,18,1,12,15,6,15,2.0,0.0
17735,0.0,36,0,3,18,1,12,15,6,21,6.0,1.0
17736,1.0,36,0,3,18,1,12,15,9,24,7.0,0.0
17739,1.0,36,0,3,18,1,12,15,9,24,10.0,1.0
17741,1.0,36,0,3,18,1,12,15,3,24,12.0,0.0
17742,0.0,36,0,3,18,1,12,15,6,18,13.0,0.0
17743,1.0,36,0,3,18,1,12,15,6,18,14.0,1.0
17786,1.0,36,1,6,23,0,15,15,6,29,2.0,0.0
17789,1.0,36,1,6,23,0,15,15,6,23,5.0,0.0
17795,1.0,36,1,6,23,0,15,15,12,29,11.0,0.0
17796,1.0,36,1,6,23,0,15,15,18,35,12.0,0.0
17797,1.0,36,1,6,23,0,15,15,12,23,13.0,0.0
17798,1.0,36,1,6,23,0,15,15,12,29,14.0,0.0
17845,1.0,36,2,3,28,0,18,10,3,31,6.0,0.0
17848,0.0,36,2,3,28,0,18,10,6,34,9.0,0.0
18006,1.0,36,6,6,28,0,15,10,18,40,2.0,0.0
18013,1.0,36,6,6,28,0,15,10,6,40,9.0,0.0
18050,0.0,36,7,3,18,1,12,15,6,21,2.0,0.0
18055,0.0,36,7,3,18,1,12,15,6,24,7.0,0.0
18056,1.0,36,7,3,18,1,12,15,3,18,8.0,0.0
18057,1.0,36,7,3,18,1,12,15,9,15,9.0,0.0
18058,1.0,36,7,3,18,1,12,15,3,18,10.0,0.0
18059,1.0,36,7,3,18,1,12,15,6,24,11.0,1.0
18060,1.0,36,7,3,18,1,12,15,6,21,12.0,1.0
18062,0.0,36,7,3,18,1,12,15,3,15,14.0,1.0
18144,1.0,36,9,6,28,0,18,10,12,34,1.0,0.0
18150,0.0,36,9,6,28,0,18,10,18,40,7.0,0.0
18221,1.0,37,0,6,18,1,9,10,6,24,8.0,0.0
18306,1.0,37,2,6,23,0,15,15,18,35,3.0,0.0
18310,0.0,37,2,6,23,0,15,15,6,23,7.0,0.0
18311,1.0,37,2,6,23,0,15,15,12,35,8.0,0.0
18312,1.0,37,2,6,23,0,15,15,18,35,9.0,1.0
18313,1.0,37,2,6,23,0,15,15,12,29,10.0,0.0
18314,1.0,37,2,6,23,0,15,15,12,35,11.0,1.0
18317,1.0,37,2,6,23,0,15,15,12,29,14.0,1.0
18350,1.0,37,3,3,28,1,9,10,9,34,6.0,0.0
18351,1.0,37,3,3,28,1,9,10,3,28,7.0,0.0
18352,1.0,37,3,3,28,1,9,10,6,31,8.0,0.0
18353,0.0,37,3,3,28,1,9,10,6,25,9.0,0.0
18446,1.0,37,5,3,23,1,15,15,9,29,7.0,0.0
18447,1.0,37,5,3,23,1,15,15,3,26,8.0,0.0
18449,1.0,37,5,3,23,1,15,15,3,20,10.0,0.0
18450,1.0,37,5,3,23,1,15,15,3,29,11.0,0.0
18451,1.0,37,5,3,23,1,15,15,6,20,12.0,0.0
18452,1.0,37,5,3,23,1,15,15,3,20,13.0,0.0
18453,1.0,37,5,3,23,1,15,15,3,29,14.0,1.0
18501,1.0,37,6,3,23,0,12,10,6,26,8.0,0.0
18667,1.0,37,10,6,28,1,15,15,6,28,8.0,0.0
18668,1.0,37,10,6,28,1,15,15,18,40,9.0,0.0
18670,1.0,37,10,6,28,1,15,15,18,40,11.0,0.0
18672,1.0,37,10,6,28,1,15,15,12,34,13.0,0.0
18673,1.0,37,10,6,28,1,15,15,6,28,14.0,1.0
18824,1.0,38,3,3,18,1,12,15,3,21,5.0,0.0
18825,1.0,38,3,3,18,1,12,15,3,21,6.0,0.0
18830,1.0,38,3,3,18,1,12,15,6,24,11.0,0.0
18831,1.0,38,3,3,18,1,12,15,3,15,12.0,0.0
18832,1.0,38,3,3,18,1,12,15,9,24,13.0,0.0
18833,1.0,38,3,3,18,1,12,15,3,15,14.0,0.0
18919,1.0,38,5,3,23,1,18,10,3,26,5.0,0.0
18923,1.0,38,5,3,23,1,18,10,3,29,9.0,0.0
18956,1.0,38,6,6,28,0,12,10,18,40,1.0,0.0
18962,1.0,38,6,6,28,0,12,10,6,22,7.0,0.0
19015,1.0,38,7,3,18,1,15,15,9,24,5.0,0.0
19019,1.0,38,7,3,18,1,15,15,6,21,9.0,0.0
19021,0.0,38,7,3,18,1,15,15,9,15,11.0,1.0
19023,1.0,38,7,3,18,1,15,15,6,24,13.0,0.0
19024,1.0,38,7,3,18,1,15,15,3,21,14.0,0.0
19063,1.0,38,8,3,23,1,9,10,3,29,7.0,0.0
19064,1.0,38,8,3,23,1,9,10,6,29,8.0,0.0
19108,1.0,38,9,6,23,0,18,15,18,35,1.0,0.0
19111,1.0,38,9,6,23,0,18,15,12,29,4.0,0.0
19114,1.0,38,9,6,23,0,18,15,18,35,7.0,0.0
19117,1.0,38,9,6,23,0,18,15,18,35,10.0,1.0
19118,1.0,38,9,6,23,0,18,15,6,29,11.0,0.0
19120,1.0,38,9,6,23,0,18,15,6,29,13.0,1.0
19121,1.0,38,9,6,23,0,18,15,12,35,14.0,0.0
19247,1.0,39,1,6,28,1,15,15,6,40,2.0,0.0
19248,1.0,39,1,6,28,1,15,15,12,22,3.0,0.0
19250,1.0,39,1,6,28,1,15,15,6,40,5.0,0.0
19256,0.0,39,1,6,28,1,15,15,6,22,11.0,0.0
19257,1.0,39,1,6,28,1,15,15,12,22,12.0,1.0
19258,1.0,39,1,6,28,1,15,15,18,40,13.0,0.0
19308,1.0,39,2,3,23,1,18,15,3,26,3.0,0.0
19309,1.0,39,2,3,23,1,18,15,6,29,4.0,0.0
19313,1.0,39,2,3,23,1,18,15,3,23,8.0,0.0
19315,1.0,39,2,3,23,1,18,15,3,23,10.0,1.0
19316,1.0,39,2,3,23,1,18,15,3,26,11.0,0.0
19317,1.0,39,2,3,23,1,18,15,3,20,12.0,0.0
19318,1.0,39,2,3,23,1,18,15,3,26,13.0,1.0
19368,1.0,39,3,6,18,0,15,10,12,30,9.0,0.0
19412,1.0,39,4,6,28,0,18,15,6,22,3.0,0.0
19415,1.0,39,4,6,28,0,18,15,12,40,6.0,0.0
19417,1.0,39,4,6,28,0,18,15,18,40,8.0,0.0
19419,1.0,39,4,6,28,0,18,15,12,40,10.0,0.0
19420,1.0,39,4,6,28,0,18,15,18,40,11.0,0.0
19422,1.0,39,4,6,28,0,18,15,6,40,13.0,0.0
19423,1.0,39,4,6,28,0,18,15,6,22,14.0,1.0
19502,1.0,39,6,3,23,1,12,10,3,29,5.0,0.0
19503,1.0,39,6,3,23,1,12,10,6,29,6.0,0.0
19505,1.0,39,6,3,23,1,12,10,9,29,8.0,0.0
19619,1.0,39,9,3,23,0,9,10,6,29,4.0,0.0
19621,1.0,39,9,3,23,0,9,10,3,26,6.0,0.0
19623,1.0,39,9,3,23,0,9,10,6,26,8.0,0.0
19624,1.0,39,9,3,23,0,9,10,3,23,9.0,0.0
19838,1.0,40,3,6,23,1,18,15,12,35,9.0,0.0
19839,1.0,40,3,6,23,1,18,15,6,17,10.0,0.0
19841,1.0,40,3,6,23,1,18,15,12,29,12.0,0.0
19842,1.0,40,3,6,23,1,18,15,12,29,13.0,1.0
19843,1.0,40,3,6,23,1,18,15,12,35,14.0,0.0
19911,1.0,40,5,3,28,0,12,15,3,28,4.0,0.0
19915,1.0,40,5,3,28,0,12,15,3,31,8.0,0.0
19916,1.0,40,5,3,28,0,12,15,6,28,9.0,0.0
19917,1.0,40,5,3,28,0,12,15,6,28,10.0,1.0
19919,1.0,40,5,3,28,0,12,15,3,31,12.0,0.0
19920,1.0,40,5,3,28,0,12,15,3,28,13.0,1.0
19956,0.0,40,6,3,23,1,9,15,6,26,5.0,0.0
19958,1.0,40,6,3,23,1,9,15,3,29,7.0,0.0
19959,1.0,40,6,3,23,1,9,15,6,20,8.0,0.0
19962,1.0,40,6,3,23,1,9,15,6,23,11.0,0.0
19963,0.0,40,6,3,23,1,9,15,6,20,12.0,1.0
19964,1.0,40,6,3,23,1,9,15,9,20,13.0,0.0
20012,1.0,40,7,6,18,0,15,10,18,30,3.0,0.0
20016,1.0,40,7,6,18,0,15,10,6,30,7.0,0.0
20017,1.0,40,7,6,18,0,15,10,12,30,8.0,0.0
20056,1.0,40,8,6,28,1,9,10,6,40,1.0,0.0
20063,1.0,40,8,6,28,1,9,10,12,40,8.0,0.0
20064,1.0,40,8,6,28,1,9,10,6,40,9.0,0.0
20104,1.0,40,9,3,23,0,9,10,6,29,2.0,0.0
20110,1.0,40,9,3,23,0,9,10,9,29,8.0,0.0
20185,1.0,41,0,3,23,1,9,10,6,23,4.0,0.0
20188,1.0,41,0,3,23,1,9,10,3,23,7.0,0.0
20190,1.0,41,0,3,23,1,9,10,9,20,9.0,0.0
20227,1.0,41,1,6,18,0,9,10,18,30,4.0,0.0
20232,1.0,41,1,6,18,0,9,10,12,24,9.0,0.0
20278,1.0,41,2,6,28,0,15,15,18,40,2.0,0.0
20279,1.0,41,2,6,28,0,15,15,12,40,3.0,0.0
20283,1.0,41,2,6,28,0,15,15,18,40,7.0,0.0
20284,1.0,41,2,6,28,0,15,15,18,40,8.0,1.0
20289,1.0,41,2,6,28,0,15,15,12,34,13.0,0.0
20290,1.0,41,2,6,28,0,15,15,12,34,14.0,1.0
20528,1.0,41,8,3,28,0,9,10,3,31,6.0,0.0
20529,1.0,41,8,3,28,0,9,10,9,25,7.0,0.0
20578,1.0,41,9,6,28,1,12,15,12,40,1.0,0.0
20579,1.0,41,9,6,28,1,12,15,12,40,2.0,1.0
20584,1.0,41,9,6,28,1,12,15,18,40,7.0,0.0
20586,1.0,41,9,6,28,1,12,15,6,28,9.0,0.0
20587,1.0,41,9,6,28,1,12,15,12,34,10.0,0.0
20590,1.0,41,9,6,28,1,12,15,6,28,13.0,0.0
20591,1.0,41,9,6,28,1,12,15,6,28,14.0,1.0
20636,1.0,41,10,3,23,0,18,15,9,29,1.0,0.0
20643,1.0,41,10,3,23,0,18,15,3,23,8.0,0.0
20645,1.0,41,10,3,23,0,18,15,6,26,10.0,0.0
20646,1.0,41,10,3,23,0,18,15,3,23,11.0,0.0
20682,1.0,42,0,6,23,0,12,10,12,29,6.0,0.0
20684,1.0,42,0,6,23,0,12,10,18,35,8.0,0.0
20685,1.0,42,0,6,23,0,12,10,12,35,9.0,0.0
20850,1.0,42,4,6,18,0,9,10,12,30,4.0,0.0
20852,1.0,42,4,6,18,0,9,10,6,24,6.0,0.0
20855,1.0,42,4,6,18,0,9,10,12,30,9.0,0.0
20898,1.0,42,5,3,28,1,15,15,9,34,4.0,0.0
20902,1.0,42,5,3,28,1,15,15,6,31,8.0,0.0
20904,1.0,42,5,3,28,1,15,15,6,31,10.0,1.0
20905,0.0,42,5,3,28,1,15,15,3,25,11.0,0.0
20906,1.0,42,5,3,28,1,15,15,6,31,12.0,0.0
20907,0.0,42,5,3,28,1,15,15,6,34,13.0,0.0
20952,1.0,42,6,3,28,1,15,15,3,34,6.0,0.0
20954,0.0,42,6,3,28,1,15,15,6,25,8.0,0.0
20956,1.0,42,6,3,28,1,15,15,6,25,10.0,1.0
20957,1.0,42,6,3,28,1,15,15,6,34,11.0,0.0
20958,1.0,42,6,3,28,1,15,15,3,28,12.0,0.0
20959,1.0,42,6,3,28,1,15,15,3,34,13.0,0.0
20960,1.0,42,6,3,28,1,15,15,6,34,14.0,1.0
20996,1.0,42,7,6,23,0,9,15,12,35,4.0,0.0
20998,0.0,42,7,6,23,0,9,15,6,23,6.0,0.0
21001,0.0,42,7,6,23,0,9,15,6,17,9.0,0.0
21003,1.0,42,7,6,23,0,9,15,6,17,11.0,1.0
21005,1.0,42,7,6,23,0,9,15,6,35,13.0,0.0
21006,1.0,42,7,6,23,0,9,15,18,35,14.0,0.0
21060,0.0,42,8,3,18,0,18,10,3,18,2.0,0.0
21066,1.0,42,8,3,18,0,18,10,3,15,8.0,0.0
21167,1.0,43,0,3,23,0,9,15,3,26,2.0,0.0
21169,1.0,43,0,3,23,0,9,15,9,29,4.0,0.0
21170,1.0,43,0,3,23,0,9,15,9,29,5.0,0.0
21172,1.0,43,0,3,23,0,9,15,9,29,7.0,1.0
21174,1.0,43,0,3,23,0,9,15,6,26,9.0,0.0
21176,1.0,43,0,3,23,0,9,15,9,29,11.0,1.0
21179,1.0,43,0,3,23,0,9,15,3,23,14.0,0.0
21276,1.0,43,2,6,18,0,18,15,12,12,3.0,0.0
21281,1.0,43,2,6,18,0,18,15,6,12,8.0,0.0
21283,1.0,43,2,6,18,0,18,15,6,30,10.0,0.0
21284,1.0,43,2,6,18,0,18,15,6,30,11.0,1.0
21285,1.0,43,2,6,18,0,18,15,12,30,12.0,0.0
21286,1.0,43,2,6,18,0,18,15,12,30,13.0,0.0
21287,1.0,43,2,6,18,0,18,15,12,30,14.0,1.0
21392,1.0,43,5,3,28,1,9,10,3,25,2.0,0.0
21393,1.0,43,5,3,28,1,9,10,3,31,3.0,0.0
21398,1.0,43,5,3,28,1,9,10,3,34,8.0,0.0
21481,1.0,43,7,6,18,0,12,10,18,12,4.0,0.0
21486,1.0,43,7,6,18,0,12,10,6,18,9.0,0.0
21579,0.0,43,9,3,28,0,12,10,6,31,8.0,0.0
21580,1.0,43,9,3,28,0,12,10,3,31,9.0,0.0
21626,1.0,43,10,3,23,0,18,15,3,26,7.0,0.0
21629,0.0,43,10,3,23,0,18,15,3,29,10.0,1.0
21630,1.0,43,10,3,23,0,18,15,6,26,11.0,0.0
21632,0.0,43,10,3,23,0,18,15,6,23,13.0,0.0
21633,0.0,43,10,3,23,0,18,15,3,20,14.0,0.0
21705,1.0,44,1,6,23,1,12,10,6,35,3.0,0.0
21709,1.0,44,1,6,23,1,12,10,12,35,7.0,0.0
21711,1.0,44,1,6,23,1,12,10,12,29,9.0,0.0
21756,1.0,44,2,6,28,0,15,15,12,28,4.0,0.0
21757,1.0,44,2,6,28,0,15,15,6,28,5.0,0.0
21762,1.0,44,2,6,28,0,15,15,6,34,10.0,0.0
21763,1.0,44,2,6,28,0,15,15,12,34,11.0,0.0
21764,1.0,44,2,6,28,0,15,15,6,28,12.0,0.0
21765,0.0,44,2,6,28,0,15,15,12,28,13.0,0.0
21766,1.0,44,2,6,28,0,15,15,12,34,14.0,1.0
21853,1.0,44,4,6,23,0,15,10,12,29,7.0,0.0
21854,1.0,44,4,6,23,0,15,10,18,35,8.0,0.0
21855,0.0,44,4,6,23,0,15,10,12,29,9.0,0.0
21899,1.0,44,5,3,28,1,18,15,3,31,3.0,0.0
21900,1.0,44,5,3,28,1,18,15,6,31,4.0,0.0
21902,1.0,44,5,3,28,1,18,15,3,31,6.0,1.0
21908,1.0,44,5,3,28,1,18,15,6,34,12.0,0.0
21909,1.0,44,5,3,28,1,18,15,6,34,13.0,0.0
21910,1.0,44,5,3,28,1,18,15,6,31,14.0,1.0
21950,1.0,44,6,6,23,1,18,10,12,35,2.0,0.0
21954,1.0,44,6,6,23,1,18,10,6,35,6.0,0.0
21957,1.0,44,6,6,23,1,18,10,12,29,9.0,0.0
22070,1.0,44,9,6,18,0,15,15,12,30,4.0,0.0
22075,1.0,44,9,6,18,0,15,15,6,18,9.0,0.0
22076,1.0,44,9,6,18,0,15,15,6,18,10.0,1.0
22077,1.0,44,9,6,18,0,15,15,12,30,11.0,0.0
22079,1.0,44,9,6,18,0,15,15,12,30,13.0,1.0
22080,1.0,44,9,6,18,0,15,15,6,18,14.0,0.0
22196,1.0,45,1,3,28,0,9,10,6,34,5.0,0.0
22197,1.0,45,1,3,28,0,9,10,6,31,6.0,0.0
22199,1.0,45,1,3,28,0,9,10,3,34,8.0,0.0
22257,1.0,45,2,3,18,1,18,15,3,18,5.0,0.0
22260,1.0,45,2,3,18,1,18,15,3,24,8.0,0.0
22263,1.0,45,2,3,18,1,18,15,3,18,11.0,1.0
22264,1.0,45,2,3,18,1,18,15,3,24,12.0,1.0
22265,1.0,45,2,3,18,1,18,15,6,24,13.0,0.0
22266,1.0,45,2,3,18,1,18,15,3,24,14.0,0.0
22303,1.0,45,3,6,23,0,12,15,6,23,5.0,0.0
22304,0.0,45,3,6,23,0,12,15,6,23,6.0,0.0
22305,1.0,45,3,6,23,0,12,15,18,35,7.0,0.0
22307,1.0,45,3,6,23,0,12,15,6,23,9.0,0.0
22308,1.0,45,3,6,23,0,12,15,6,23,10.0,1.0
22310,1.0,45,3,6,23,0,12,15,6,23,12.0,1.0
22312,1.0,45,3,6,23,0,12,15,12,29,14.0,0.0
22426,1.0,45,6,3,18,0,12,15,3,24,2.0,0.0
22428,1.0,45,6,3,18,0,12,15,3,24,4.0,0.0
22430,1.0,45,6,3,18,0,12,15,3,24,6.0,1.0
22434,1.0,45,6,3,18,0,12,15,9,24,10.0,0.0
22435,0.0,45,6,3,18,0,12,15,3,21,11.0,0.0
22436,1.0,45,6,3,18,0,12,15,3,24,12.0,1.0
22437,1.0,45,6,3,18,0,12,15,6,24,13.0,0.0
22438,1.0,45,6,3,18,0,12,15,6,24,14.0,1.0
22471,1.0,45,7,6,23,1,9,10,12,35,3.0,0.0
22473,1.0,45,7,6,23,1,9,10,6,29,5.0,0.0
22476,1.0,45,7,6,23,1,9,10,6,23,8.0,0.0
22568,1.0,45,9,6,18,0,18,10,12,30,2.0,0.0
22570,1.0,45,9,6,18,0,18,10,6,24,4.0,0.0
22573,1.0,45,9,6,18,0,18,10,6,30,7.0,0.0
22574,1.0,45,9,6,18,0,18,10,6,24,8.0,0.0
22684,0.0,46,1,6,18,1,15,15,12,12,5.0,0.0
22686,1.0,46,1,6,18,1,15,15,18,30,7.0,0.0
22689,1.0,46,1,6,18,1,15,15,18,30,10.0,1.0
22690,1.0,46,1,6,18,1,15,15,6,12,11.0,0.0
22691,0.0,46,1,6,18,1,15,15,12,24,12.0,1.0
22692,1.0,46,1,6,18,1,15,15,6,12,13.0,1.0
22693,0.0,46,1,6,18,1,15,15,6,30,14.0,0.0
22727,1.0,46,2,6,23,1,9,15,6,29,2.0,0.0
22730,1.0,46,2,6,23,1,9,15,12,35,5.0,0.0
22734,1.0,46,2,6,23,1,9,15,12,35,9.0,1.0
22735,1.0,46,2,6,23,1,9,15,12,29,10.0,0.0
22736,1.0,46,2,6,23,1,9,15,6,35,11.0,0.0
22737,1.0,46,2,6,23,1,9,15,12,35,12.0,0.0
22739,1.0,46,2,6,23,1,9,15,18,35,14.0,0.0
22825,1.0,46,4,3,23,0,12,10,9,29,3.0,0.0
22831,1.0,46,4,3,23,0,12,10,6,29,9.0,0.0
22913,1.0,46,6,6,28,1,12,15,12,28,2.0,0.0
22918,1.0,46,6,6,28,1,12,15,12,34,7.0,0.0
22919,1.0,46,6,6,28,1,12,15,6,34,8.0,0.0
22922,1.0,46,6,6,28,1,12,15,18,40,11.0,0.0
22923,1.0,46,6,6,28,1,12,15,12,40,12.0,0.0
22924,1.0,46,6,6,28,1,12,15,12,34,13.0,1.0
22925,1.0,46,6,6,28,1,12,15,6,34,14.0,1.0
22999,1.0,46,8,3,23,1,9,10,9,29,2.0,0.0
23001,1.0,46,8,3,23,1,9,10,6,29,4.0,0.0
23004,1.0,46,8,3,23,1,9,10,3,29,7.0,0.0
23005,1.0,46,8,3,23,1,9,10,6,26,8.0,0.0
23108,1.0,46,10,6,23,0,18,10,12,29,8.0,0.0
23145,1.0,47,0,6,23,1,18,10,12,29,3.0,0.0
23151,1.0,47,0,6,23,1,18,10,6,29,9.0,0.0
23309,1.0,47,4,3,23,0,9,10,9,29,8.0,0.0
23310,0.0,47,4,3,23,0,9,10,3,29,9.0,0.0
23365,1.0,47,5,6,28,1,18,15,18,40,3.0,0.0
23366,0.0,47,5,6,28,1,18,15,6,22,4.0,0.0
23370,0.0,47,5,6,28,1,18,15,6,28,8.0,1.0
23371,1.0,47,5,6,28,1,18,15,12,34,9.0,0.0
23372,1.0,47,5,6,28,1,18,15,12,34,10.0,1.0
23374,0.0,47,5,6,28,1,18,15,6,22,12.0,0.0
23419,1.0,47,6,6,28,0,12,10,18,40,6.0,0.0
23420,0.0,47,6,6,28,0,12,10,6,22,7.0,0.0
23464,1.0,47,7,3,23,1,15,15,6,26,1.0,0.0
23467,1.0,47,7,3,23,1,15,15,3,26,4.0,0.0
23469,1.0,47,7,3,23,1,15,15,6,26,6.0,1.0
23470,1.0,47,7,3,23,1,15,15,3,26,7.0,1.0
23472,1.0,47,7,3,23,1,15,15,3,26,9.0,0.0
23474,1.0,47,7,3,23,1,15,15,6,23,11.0,0.0
23477,1.0,47,7,3,23,1,15,15,3,23,14.0,0.0
23545,1.0,47,9,6,18,0,12,15,12,30,1.0,0.0
23550,1.0,47,9,6,18,0,12,15,12,30,6.0,0.0
23551,1.0,47,9,6,18,0,12,15,6,24,7.0,0.0
23554,1.0,47,9,6,18,0,12,15,6,12,10.0,0.0
23556,1.0,47,9,6,18,0,12,15,12,30,12.0,1.0
23557,1.0,47,9,6,18,0,12,15,6,12,13.0,1.0
23558,1.0,47,9,6,18,0,12,15,6,24,14.0,0.0
23636,0.0,48,0,6,23,0,18,10,6,29,2.0,0.0
23641,0.0,48,0,6,23,0,18,10,6,29,7.0,0.0
23690,1.0,48,1,3,18,1,18,15,6,21,4.0,0.0
23692,1.0,48,1,3,18,1,18,15,9,24,6.0,0.0
23694,1.0,48,1,3,18,1,18,15,9,24,8.0,1.0
23697,1.0,48,1,3,18,1,18,15,3,24,11.0,0.0
23698,0.0,48,1,3,18,1,18,15,6,24,12.0,0.0
23700,1.0,48,1,3,18,1,18,15,3,18,14.0,0.0
23743,0.0,48,2,3,28,0,18,15,3,34,5.0,0.0
23745,1.0,48,2,3,28,0,18,15,3,25,7.0,0.0
23746,1.0,48,2,3,28,0,18,15,6,28,8.0,0.0
23747,1.0,48,2,3,28,0,18,15,3,25,9.0,1.0
23748,1.0,48,2,3,28,0,18,15,6,28,10.0,1.0
23749,1.0,48,2,3,28,0,18,15,3,34,11.0,1.0
23750,1.0,48,2,3,28,0,18,15,6,25,12.0,0.0
23752,0.0,48,2,3,28,0,18,15,9,34,14.0,0.0
23792,1.0,48,3,6,23,1,15,10,6,23,5.0,0.0
23794,1.0,48,3,6,23,1,15,10,6,35,7.0,0.0
23795,1.0,48,3,6,23,1,15,10,18,35,8.0,0.0
23870,0.0,48,5,6,18,0,9,15,12,30,5.0,0.0
23873,1.0,48,5,6,18,0,9,15,18,12,8.0,0.0
23877,1.0,48,5,6,18,0,9,15,18,12,12.0,1.0
23878,0.0,48,5,6,18,0,9,15,6,24,13.0,0.0
24086,1.0,48,10,3,18,0,15,10,6,24,5.0,0.0
24087,1.0,48,10,3,18,0,15,10,3,15,6.0,0.0
24089,1.0,48,10,3,18,0,15,10,3,21,8.0,0.0
24165,1.0,49,1,3,28,0,15,15,3,31,5.0,0.0
24167,1.0,49,1,3,28,0,15,15,9,34,7.0,0.0
24168,1.0,49,1,3,28,0,15,15,3,25,8.0,0.0
24169,1.0,49,1,3,28,0,15,15,3,31,9.0,1.0
24171,0.0,49,1,3,28,0,15,15,6,31,11.0,0.0
24172,1.0,49,1,3,28,0,15,15,3,25,12.0,1.0
24173,1.0,49,1,3,28,0,15,15,9,34,13.0,1.0
24174,1.0,49,1,3,28,0,15,15,9,34,14.0,0.0
24336,1.0,49,5,6,18,0,15,10,12,24,3.0,0.0
24339,1.0,49,5,6,18,0,15,10,12,24,6.0,0.0
24383,1.0,49,6,3,18,1,18,10,3,15,5.0,0.0
24385,1.0,49,6,3,18,1,18,10,6,24,7.0,0.0
24387,1.0,49,6,3,18,1,18,10,3,24,9.0,0.0
24422,1.0,49,7,6,28,0,12,15,6,28,3.0,0.0
24424,1.0,49,7,6,28,0,12,15,6,34,5.0,0.0
24427,1.0,49,7,6,28,0,12,15,18,40,8.0,0.0
24430,1.0,49,7,6,28,0,12,15,18,40,11.0,0.0
24431,1.0,49,7,6,28,0,12,15,12,34,12.0,0.0
24432,1.0,49,7,6,28,0,12,15,18,40,13.0,1.0
24433,1.0,49,7,6,28,0,12,15,6,34,14.0,1.0
24476,1.0,49,8,6,23,1,15,15,12,29,2.0,0.0
24482,1.0,49,8,6,23,1,15,15,6,17,8.0,0.0
24484,1.0,49,8,6,23,1,15,15,6,17,10.0,1.0
24485,1.0,49,8,6,23,1,15,15,12,29,11.0,1.0
24486,1.0,49,8,6,23,1,15,15,6,35,12.0,0.0
24487,1.0,49,8,6,23,1,15,15,6,29,13.0,0.0
24488,1.0,49,8,6,23,1,15,15,12,35,14.0,0.0
24535,1.0,49,9,3,28,0,18,10,3,34,1.0,0.0
24540,1.0,49,9,3,28,0,18,10,9,34,6.0,0.0
24541,1.0,49,9,3,28,0,18,10,6,28,7.0,0.0
24619,1.0,50,0,6,18,0,18,15,18,30,1.0,0.0
24622,1.0,50,0,6,18,0,18,15,6,18,4.0,0.0
24627,1.0,50,0,6,18,0,18,15,6,18,9.0,0.0
24628,1.0,50,0,6,18,0,18,15,6,18,10.0,0.0
24629,1.0,50,0,6,18,0,18,15,6,18,11.0,1.0
24630,1.0,50,0,6,18,0,18,15,6,30,12.0,0.0
24631,1.0,50,0,6,18,0,18,15,18,30,13.0,1.0
24632,1.0,50,0,6,18,0,18,15,6,18,14.0,1.0
24799,1.0,50,4,3,18,0,9,15,9,24,7.0,0.0
24801,1.0,50,4,3,18,0,9,15,3,21,9.0,0.0
24803,1.0,50,4,3,18,0,9,15,6,24,11.0,0.0
24804,1.0,50,4,3,18,0,9,15,6,24,12.0,1.0
24805,1.0,50,4,3,18,0,9,15,3,18,13.0,0.0
24806,1.0,50,4,3,18,0,9,15,3,18,14.0,1.0
24852,1.0,50,5,6,23,1,12,10,12,29,5.0,0.0
24855,0.0,50,5,6,23,1,12,10,6,29,8.0,0.0
24896,1.0,50,6,6,18,0,9,10,18,30,5.0,0.0
24900,0.0,50,6,6,18,0,9,10,6,18,9.0,0.0
25015,1.0,50,9,3,28,1,18,15,6,34,4.0,0.0
25016,1.0,50,9,3,28,1,18,15,3,25,5.0,0.0
25018,1.0,50,9,3,28,1,18,15,3,34,7.0,0.0
25022,0.0,50,9,3,28,1,18,15,6,28,11.0,1.0
25024,1.0,50,9,3,28,1,18,15,3,31,13.0,0.0
25025,0.0,50,9,3,28,1,18,15,3,25,14.0,0.0
25069,1.0,50,10,3,23,1,18,10,3,29,6.0,0.0
25070,0.0,50,10,3,23,1,18,10,6,29,7.0,0.0
25072,1.0,50,10,3,23,1,18,10,3,20,9.0,0.0
25115,1.0,51,0,6,28,1,18,15,6,28,5.0,0.0
25117,0.0,51,0,6,28,1,18,15,18,40,7.0,0.0
25119,1.0,51,0,6,28,1,18,15,6,28,9.0,1.0
25120,1.0,51,0,6,28,1,18,15,12,34,10.0,0.0
25123,1.0,51,0,6,28,1,18,15,6,40,13.0,0.0
25196,1.0,51,2,6,23,0,12,10,6,23,3.0,0.0
25198,1.0,51,2,6,23,0,12,10,18,35,5.0,0.0
25201,1.0,51,2,6,23,0,12,10,18,35,8.0,0.0
25246,1.0,51,3,3,18,1,9,10,3,18,4.0,0.0
25249,1.0,51,3,3,18,1,9,10,3,18,7.0,0.0
25250,1.0,51,3,3,18,1,9,10,6,24,8.0,0.0
25300,1.0,51,4,6,28,0,12,15,12,22,3.0,0.0
25308,1.0,51,4,6,28,0,12,15,18,40,11.0,0.0
25311,1.0,51,4,6,28,0,12,15,18,40,14.0,0.0
25432,1.0,51,7,6,28,1,9,15,6,22,2.0,0.0
25434,1.0,51,7,6,28,1,9,15,6,28,4.0,0.0
25437,1.0,51,7,6,28,1,9,15,6,22,7.0,1.0
25440,1.0,51,7,6,28,1,9,15,12,22,10.0,0.0
25442,1.0,51,7,6,28,1,9,15,12,40,12.0,0.0
25443,1.0,51,7,6,28,1,9,15,12,40,13.0,0.0
25444,1.0,51,7,6,28,1,9,15,12,22,14.0,1.0
25526,1.0,51,9,3,18,1,12,10,9,24,4.0,0.0
25528,1.0,51,9,3,18,1,12,10,9,15,6.0,0.0
25529,0.0,51,9,3,18,1,12,10,6,21,7.0,0.0
25530,1.0,51,9,3,18,1,12,10,3,18,8.0,0.0
25605,0.0,52,0,6,23,1,18,15,6,35,3.0,0.0
25607,0.0,52,0,6,23,1,18,15,12,35,5.0,0.0
25608,1.0,52,0,6,23,1,18,15,6,23,6.0,0.0
25609,0.0,52,0,6,23,1,18,15,12,23,7.0,1.0
25613,1.0,52,0,6,23,1,18,15,6,23,11.0,1.0
25614,0.0,52,0,6,23,1,18,15,6,29,12.0,0.0
25615,0.0,52,0,6,23,1,18,15,12,29,13.0,0.0
25703,1.0,52,2,3,28,0,18,10,6,25,7.0,0.0
25704,1.0,52,2,3,28,0,18,10,3,28,8.0,0.0
25705,1.0,52,2,3,28,0,18,10,3,28,9.0,0.0
25743,1.0,52,3,6,23,1,9,10,12,35,9.0,0.0
25860,1.0,52,6,3,18,1,9,10,3,18,5.0,0.0
25949,1.0,52,8,3,23,1,15,15,6,26,4.0,0.0
25953,1.0,52,8,3,23,1,15,15,6,26,8.0,0.0
25956,0.0,52,8,3,23,1,15,15,3,23,11.0,0.0
25957,1.0,52,8,3,23,1,15,15,6,26,12.0,1.0
25958,1.0,52,8,3,23,1,15,15,3,26,13.0,0.0
25959,1.0,52,8,3,23,1,15,15,3,26,14.0,0.0
25995,1.0,52,9,6,28,0,9,15,12,40,4.0,0.0
25996,0.0,52,9,6,28,0,9,15,6,28,5.0,0.0
26000,0.0,52,9,6,28,0,9,15,6,34,9.0,1.0
26002,1.0,52,9,6,28,0,9,15,12,34,11.0,0.0
26003,1.0,52,9,6,28,0,9,15,12,34,12.0,1.0
26004,1.0,52,9,6,28,0,9,15,12,34,13.0,0.0
26138,1.0,53,1,6,28,0,9,10,6,28,6.0,0.0
26182,1.0,53,2,3,18,1,9,10,3,24,3.0,0.0
26184,1.0,53,2,3,18,1,9,10,9,24,5.0,0.0
26187,1.0,53,2,3,18,1,9,10,6,15,8.0,0.0
26350,1.0,53,6,3,28,0,15,15,3,28,7.0,0.0
26353,1.0,53,6,3,28,0,15,15,9,34,10.0,0.0
26354,1.0,53,6,3,28,0,15,15,9,34,11.0,1.0
26355,1.0,53,6,3,28,0,15,15,6,34,12.0,0.0
26356,1.0,53,6,3,28,0,15,15,3,28,13.0,0.0
26357,1.0,53,6,3,28,0,15,15,3,34,14.0,0.0
26403,1.0,53,7,6,18,1,12,10,12,24,6.0,0.0
26405,1.0,53,7,6,18,1,12,10,12,24,8.0,0.0
26489,1.0,53,9,3,28,1,15,15,3,34,5.0,0.0
26491,1.0,53,9,3,28,1,15,15,9,34,7.0,0.0
26492,1.0,53,9,3,28,1,15,15,3,31,8.0,0.0
26493,1.0,53,9,3,28,1,15,15,3,31,9.0,0.0
26494,1.0,53,9,3,28,1,15,15,9,34,10.0,1.0
26495,1.0,53,9,3,28,1,15,15,3,31,11.0,1.0
26496,1.0,53,9,3,28,1,15,15,3,31,12.0,1.0
26497,1.0,53,9,3,28,1,15,15,3,25,13.0,0.0
26498,1.0,53,9,3,28,1,15,15,3,25,14.0,1.0
26535,1.0,53,10,6,18,1,12,15,6,24,2.0,0.0
26539,1.0,53,10,6,18,1,12,15,6,12,6.0,0.0
26542,1.0,53,10,6,18,1,12,15,12,24,9.0,0.0
26544,1.0,53,10,6,18,1,12,15,6,12,11.0,1.0
26545,1.0,53,10,6,18,1,12,15,6,24,12.0,1.0
26546,1.0,53,10,6,18,1,12,15,12,30,13.0,0.0
26588,1.0,54,0,3,18,0,9,15,6,24,6.0,0.0
26589,1.0,54,0,3,18,0,9,15,9,24,7.0,0.0
26590,0.0,54,0,3,18,0,9,15,6,18,8.0,1.0
26593,0.0,54,0,3,18,0,9,15,3,21,11.0,0.0
26594,1.0,54,0,3,18,0,9,15,3,18,12.0,0.0
26655,1.0,54,1,6,23,1,18,10,12,35,7.0,0.0
26656,1.0,54,1,6,23,1,18,10,6,29,8.0,0.0
26657,1.0,54,1,6,23,1,18,10,18,35,9.0,0.0
26771,0.0,54,4,3,28,0,12,15,3,31,8.0,0.0
26772,1.0,54,4,3,28,0,12,15,3,31,9.0,1.0
26773,1.0,54,4,3,28,0,12,15,3,25,10.0,0.0
26774,1.0,54,4,3,28,0,12,15,3,25,11.0,0.0
26775,1.0,54,4,3,28,0,12,15,3,31,12.0,0.0
26776,1.0,54,4,3,28,0,12,15,3,31,13.0,1.0
26777,1.0,54,4,3,28,0,12,15,6,31,14.0,0.0
26860,1.0,54,6,3,23,0,12,10,6,26,3.0,0.0
26865,1.0,54,6,3,23,0,12,10,6,29,8.0,0.0
26911,1.0,54,7,6,28,1,15,15,6,22,4.0,0.0
26915,1.0,54,7,6,28,1,15,15,12,40,8.0,0.0
26917,1.0,54,7,6,28,1,15,15,6,22,10.0,1.0
26918,1.0,54,7,6,28,1,15,15,12,40,11.0,1.0
26920,1.0,54,7,6,28,1,15,15,12,40,13.0,0.0
26921,1.0,54,7,6,28,1,15,15,6,34,14.0,0.0
26956,0.0,54,8,6,18,1,9,10,18,12,3.0,0.0
26961,1.0,54,8,6,18,1,9,10,12,30,8.0,0.0
27130,1.0,55,1,3,23,1,18,10,6,26,5.0,0.0
27131,1.0,55,1,3,23,1,18,10,3,20,6.0,0.0
27133,1.0,55,1,3,23,1,18,10,3,29,8.0,0.0
27199,1.0,55,3,6,23,1,9,10,18,35,4.0,0.0
27200,1.0,55,3,6,23,1,9,10,18,35,5.0,0.0
27280,1.0,55,5,6,18,1,12,15,6,30,3.0,0.0
27283,1.0,55,5,6,18,1,12,15,6,18,6.0,0.0
27285,1.0,55,5,6,18,1,12,15,6,12,8.0,0.0
27288,1.0,55,5,6,18,1,12,15,6,18,11.0,1.0
27289,1.0,55,5,6,18,1,12,15,18,30,12.0,0.0
27290,1.0,55,5,6,18,1,12,15,12,30,13.0,0.0
27291,1.0,55,5,6,18,1,12,15,6,12,14.0,1.0
27338,1.0,55,6,3,23,1,9,15,3,29,7.0,0.0
27339,1.0,55,6,3,23,1,9,15,3,23,8.0,0.0
27342,1.0,55,6,3,23,1,9,15,3,23,11.0,0.0
27343,1.0,55,6,3,23,1,9,15,3,23,12.0,1.0
27344,1.0,55,6,3,23,1,9,15,6,29,13.0,0.0
27345,1.0,55,6,3,23,1,9,15,3,23,14.0,0.0
27386,1.0,55,7,6,28,0,9,10,12,34,3.0,0.0
27389,1.0,55,7,6,28,0,9,10,6,28,6.0,0.0
27391,1.0,55,7,6,28,0,9,10,6,28,8.0,0.0
27392,1.0,55,7,6,28,0,9,10,6,28,9.0,0.0
27435,1.0,55,8,3,18,0,12,15,3,21,2.0,0.0
27440,1.0,55,8,3,18,0,12,15,9,24,7.0,0.0
27441,1.0,55,8,3,18,0,12,15,6,24,8.0,0.0
27442,1.0,55,8,3,18,0,12,15,3,24,9.0,0.0
27446,1.0,55,8,3,18,0,12,15,6,21,13.0,0.0
27447,1.0,55,8,3,18,0,12,15,6,24,14.0,0.0
27562,1.0,56,0,3,18,1,9,10,3,24,1.0,0.0
27569,1.0,56,0,3,18,1,9,10,6,18,8.0,0.0
27570,1.0,56,0,3,18,1,9,10,6,21,9.0,0.0
27652,1.0,56,2,6,23,1,12,15,18,35,4.0,0.0
27653,1.0,56,2,6,23,1,12,15,18,35,5.0,1.0
27654,1.0,56,2,6,23,1,12,15,12,17,6.0,0.0
27656,1.0,56,2,6,23,1,12,15,18,35,8.0,0.0
27658,1.0,56,2,6,23,1,12,15,6,17,10.0,0.0
27660,1.0,56,2,6,23,1,12,15,18,35,12.0,1.0
27661,1.0,56,2,6,23,1,12,15,6,35,13.0,0.0
27662,1.0,56,2,6,23,1,12,15,6,35,14.0,1.0
27771,1.0,56,5,3,28,0,12,15,6,31,7.0,0.0
27772,1.0,56,5,3,28,0,12,15,6,31,8.0,1.0
27773,1.0,56,5,3,28,0,12,15,3,25,9.0,0.0
27774,1.0,56,5,3,28,0,12,15,6,25,10.0,0.0
27775,1.0,56,5,3,28,0,12,15,9,25,11.0,0.0
27776,1.0,56,5,3,28,0,12,15,3,25,12.0,0.0
27777,0.0,56,5,3,28,0,12,15,3,31,13.0,0.0
27778,1.0,56,5,3,28,0,12,15,3,31,14.0,1.0
27826,1.0,56,6,6,28,1,18,10,6,22,4.0,0.0
27831,1.0,56,6,6,28,1,18,10,6,34,9.0,0.0
27871,1.0,56,7,3,23,0,15,15,9,20,5.0,0.0
27872,1.0,56,7,3,23,0,15,15,6,23,6.0,0.0
27875,0.0,56,7,3,23,0,15,15,3,20,9.0,0.0
27876,1.0,56,7,3,23,0,15,15,3,20,10.0,0.0
27878,1.0,56,7,3,23,0,15,15,3,20,12.0,1.0
27879,1.0,56,7,3,23,0,15,15,3,26,13.0,0.0
27880,1.0,56,7,3,23,0,15,15,6,23,14.0,1.0
27966,1.0,56,9,6,18,0,12,10,6,30,4.0,0.0
27969,1.0,56,9,6,18,0,12,10,12,18,7.0,0.0
27971,1.0,56,9,6,18,0,12,10,6,18,9.0,0.0
28179,1.0,57,3,3,18,0,15,15,6,21,4.0,0.0
28182,1.0,57,3,3,18,0,15,15,3,18,7.0,0.0
28184,1.0,57,3,3,18,0,15,15,3,18,9.0,1.0
28185,1.0,57,3,3,18,0,15,15,3,18,10.0,0.0
28187,1.0,57,3,3,18,0,15,15,3,24,12.0,0.0
28188,1.0,57,3,3,18,0,15,15,9,24,13.0,0.0
28189,1.0,57,3,3,18,0,15,15,6,21,14.0,1.0
28226,1.0,57,4,3,23,1,12,10,3,26,2.0,0.0
28231,1.0,57,4,3,23,1,12,10,3,26,7.0,0.0
28278,1.0,57,5,6,28,0,9,10,18,40,5.0,0.0
28279,1.0,57,5,6,28,0,9,10,6,34,6.0,0.0
28369,1.0,57,7,3,28,0,18,10,6,34,3.0,0.0
28371,1.0,57,7,3,28,0,18,10,9,34,5.0,0.0
28372,1.0,57,7,3,28,0,18,10,6,34,6.0,0.0
28407,1.0,57,8,3,23,1,12,15,3,26,5.0,0.0
28410,1.0,57,8,3,23,1,12,15,6,26,8.0,0.0
28411,1.0,57,8,3,23,1,12,15,3,20,9.0,0.0
28413,1.0,57,8,3,23,1,12,15,9,29,11.0,0.0
28414,1.0,57,8,3,23,1,12,15,3,20,12.0,1.0
28416,1.0,57,8,3,23,1,12,15,3,29,14.0,0.0
28500,1.0,57,10,6,18,0,15,15,6,30,1.0,0.0
28505,1.0,57,10,6,18,0,15,15,6,18,6.0,0.0
28506,1.0,57,10,6,18,0,15,15,6,18,7.0,1.0
28507,1.0,57,10,6,18,0,15,15,12,30,8.0,0.0
28509,1.0,57,10,6,18,0,15,15,12,24,10.0,0.0
28510,1.0,57,10,6,18,0,15,15,6,18,11.0,0.0
28512,1.0,57,10,6,18,0,15,15,6,18,13.0,1.0
28513,1.0,57,10,6,18,0,15,15,6,18,14.0,0.0
28552,0.0,58,0,6,28,0,9,15,6,28,7.0,0.0
28553,1.0,58,0,6,28,0,9,15,18,40,8.0,0.0
28554,1.0,58,0,6,28,0,9,15,12,34,9.0,0.0
28555,1.0,58,0,6,28,0,9,15,6,28,10.0,0.0
28557,1.0,58,0,6,28,0,9,15,12,40,12.0,0.0
28558,1.0,58,0,6,28,0,9,15,12,40,13.0,1.0
28559,1.0,58,0,6,28,0,9,15,6,28,14.0,1.0
28762,1.0,58,5,3,23,0,9,10,9,29,7.0,0.0
28763,0.0,58,5,3,23,0,9,10,3,26,8.0,0.0
28764,1.0,58,5,3,23,0,9,10,3,23,9.0,0.0
28853,1.0,58,7,3,23,1,18,15,9,29,5.0,0.0
28856,1.0,58,7,3,23,1,18,15,3,29,8.0,0.0
28858,1.0,58,7,3,23,1,18,15,3,29,10.0,0.0
28859,1.0,58,7,3,23,1,18,15,3,29,11.0,1.0
28860,0.0,58,7,3,23,1,18,15,3,26,12.0,0.0
28861,0.0,58,7,3,23,1,18,15,3,23,13.0,0.0
28906,1.0,58,8,6,28,0,15,10,6,34,4.0,0.0
28910,1.0,58,8,6,28,0,15,10,12,40,8.0,0.0
28952,1.0,58,9,3,23,1,12,10,6,26,6.0,0.0
28953,1.0,58,9,3,23,1,12,10,3,23,7.0,0.0
28992,1.0,58,10,3,18,0,12,15,3,18,4.0,0.0
28995,1.0,58,10,3,18,0,12,15,6,24,7.0,0.0
28997,1.0,58,10,3,18,0,12,15,9,24,9.0,0.0
28999,1.0,58,10,3,18,0,12,15,3,24,11.0,0.0
29000,1.0,58,10,3,18,0,12,15,3,24,12.0,1.0
29001,1.0,58,10,3,18,0,12,15,9,24,13.0,1.0
29002,0.0,58,10,3,18,0,12,15,6,24,14.0,0.0
29041,1.0,59,0,6,28,0,9,10,12,34,4.0,0.0
29043,1.0,59,0,6,28,0,9,10,6,22,6.0,0.0
29045,1.0,59,0,6,28,0,9,10,12,34,8.0,0.0
29046,1.0,59,0,6,28,0,9,10,6,40,9.0,0.0
29099,1.0,59,1,3,23,1,12,10,9,29,7.0,0.0
29100,0.0,59,1,3,23,1,12,10,3,29,8.0,0.0
29101,1.0,59,1,3,23,1,12,10,3,23,9.0,0.0
29198,1.0,59,3,3,23,0,18,15,6,29,1.0,0.0
29205,1.0,59,3,3,23,0,18,15,9,29,8.0,0.0
29206,1.0,59,3,3,23,0,18,15,3,20,9.0,0.0
29207,1.0,59,3,3,23,0,18,15,6,29,10.0,1.0
29208,1.0,59,3,3,23,0,18,15,3,23,11.0,0.0
29210,1.0,59,3,3,23,0,18,15,9,29,13.0,1.0
29211,1.0,59,3,3,23,0,18,15,3,23,14.0,0.0
29247,1.0,59,4,3,28,1,12,15,9,25,4.0,0.0
29249,1.0,59,4,3,28,1,12,15,6,31,6.0,0.0
29250,0.0,59,4,3,28,1,12,15,3,31,7.0,0.0
29253,1.0,59,4,3,28,1,12,15,3,25,10.0,0.0
29254,1.0,59,4,3,28,1,12,15,3,25,11.0,1.0
29255,1.0,59,4,3,28,1,12,15,6,34,12.0,0.0
29257,0.0,59,4,3,28,1,12,15,6,28,14.0,1.0
29293,1.0,59,5,6,18,0,12,15,6,24,3.0,0.0
29294,1.0,59,5,6,18,0,12,15,6,24,4.0,0.0
29296,1.0,59,5,6,18,0,12,15,6,24,6.0,0.0
29298,1.0,59,5,6,18,0,12,15,6,24,8.0,1.0
29299,0.0,59,5,6,18,0,12,15,12,30,9.0,0.0
29301,1.0,59,5,6,18,0,12,15,12,30,11.0,1.0
29303,1.0,59,5,6,18,0,12,15,6,24,13.0,1.0
29304,1.0,59,5,6,18,0,12,15,18,30,14.0,0.0
29424,1.0,59,8,3,18,0,18,10,9,24,7.0,0.0
29425,0.0,59,8,3,18,0,18,10,3,18,8.0,0.0
29537,1.0,60,0,6,18,0,12,15,12,30,5.0,0.0
29539,1.0,60,0,6,18,0,12,15,18,30,7.0,0.0
29541,1.0,60,0,6,18,0,12,15,18,30,9.0,0.0
29542,1.0,60,0,6,18,0,12,15,18,30,10.0,1.0
29543,1.0,60,0,6,18,0,12,15,12,30,11.0,1.0
29544,1.0,60,0,6,18,0,12,15,6,18,12.0,0.0
29546,1.0,60,0,6,18,0,12,15,18,30,14.0,1.0
29580,1.0,60,1,3,28,1,9,15,3,31,4.0,0.0
29584,1.0,60,1,3,28,1,9,15,3,25,8.0,0.0
29585,1.0,60,1,3,28,1,9,15,6,31,9.0,0.0
29587,1.0,60,1,3,28,1,9,15,6,31,11.0,1.0
29590,1.0,60,1,3,28,1,9,15,3,31,14.0,0.0
29688,1.0,60,3,3,23,1,18,10,3,29,4.0,0.0
29690,1.0,60,3,3,23,1,18,10,6,29,6.0,0.0
29693,1.0,60,3,3,23,1,18,10,9,29,9.0,0.0
29798,1.0,60,6,3,18,1,18,10,9,24,3.0,0.0
29800,1.0,60,6,3,18,1,18,10,6,24,5.0,0.0
29804,1.0,60,6,3,18,1,18,10,6,24,9.0,0.0
29932,1.0,60,9,3,18,1,18,10,3,21,6.0,0.0
29934,1.0,60,9,3,18,1,18,10,6,15,8.0,0.0
29935,1.0,60,9,3,18,1,18,10,3,18,9.0,0.0
29978,1.0,60,10,3,23,1,15,15,9,29,3.0,0.0
29980,1.0,60,10,3,23,1,15,15,9,29,5.0,1.0
29983,1.0,60,10,3,23,1,15,15,3,23,8.0,0.0
29987,1.0,60,10,3,23,1,15,15,6,23,12.0,0.0
29988,1.0,60,10,3,23,1,15,15,6,26,13.0,0.0
30057,1.0,61,1,3,18,1,9,10,9,24,4.0,0.0
30059,0.0,61,1,3,18,1,9,10,9,15,6.0,0.0
30060,0.0,61,1,3,18,1,9,10,3,21,7.0,0.0
30062,1.0,61,1,3,18,1,9,10,3,21,9.0,0.0
30184,0.0,61,4,6,18,1,15,15,12,12,4.0,0.0
30186,0.0,61,4,6,18,1,15,15,6,30,6.0,0.0
30187,0.0,61,4,6,18,1,15,15,18,12,7.0,0.0
30189,1.0,61,4,6,18,1,15,15,6,18,9.0,0.0
30190,1.0,61,4,6,18,1,15,15,6,18,10.0,1.0
30191,0.0,61,4,6,18,1,15,15,6,12,11.0,0.0
30192,1.0,61,4,6,18,1,15,15,12,24,12.0,0.0
30193,1.0,61,4,6,18,1,15,15,6,30,13.0,1.0
30238,1.0,61,5,3,23,0,15,10,9,29,6.0,0.0
30240,1.0,61,5,3,23,0,15,10,3,20,8.0,0.0
30241,1.0,61,5,3,23,0,15,10,9,29,9.0,0.0
30324,1.0,61,7,3,18,1,9,15,3,15,9.0,0.0
30326,1.0,61,7,3,18,1,9,15,9,15,11.0,0.0
30327,0.0,61,7,3,18,1,9,15,3,15,12.0,0.0
30329,0.0,61,7,3,18,1,9,15,3,21,14.0,0.0
30371,1.0,61,8,6,23,1,9,10,12,29,4.0,0.0
30375,1.0,61,8,6,23,1,9,10,6,23,8.0,0.0
30376,1.0,61,8,6,23,1,9,10,12,23,9.0,0.0
30468,0.0,61,10,3,23,0,12,15,6,23,4.0,0.0
30470,0.0,61,10,3,23,0,12,15,9,29,6.0,0.0
30473,1.0,61,10,3,23,0,12,15,6,26,9.0,0.0
30474,0.0,61,10,3,23,0,12,15,3,26,10.0,0.0
30477,1.0,61,10,3,23,0,12,15,3,29,13.0,0.0
30515,1.0,62,0,6,18,0,9,15,12,30,2.0,0.0
30517,0.0,62,0,6,18,0,9,15,6,30,4.0,0.0
30521,1.0,62,0,6,18,0,9,15,6,24,8.0,0.0
30522,1.0,62,0,6,18,0,9,15,6,18,9.0,0.0
30523,1.0,62,0,6,18,0,9,15,12,24,10.0,0.0
30524,1.0,62,0,6,18,0,9,15,6,18,11.0,1.0
30527,1.0,62,0,6,18,0,9,15,12,24,14.0,1.0
30619,1.0,62,2,3,23,0,15,10,3,20,6.0,0.0
30621,1.0,62,2,3,23,0,15,10,6,26,8.0,0.0
30703,1.0,62,4,6,28,1,12,15,18,40,4.0,0.0
30705,1.0,62,4,6,28,1,12,15,12,40,6.0,0.0
30706,1.0,62,4,6,28,1,12,15,18,40,7.0,0.0
30707,1.0,62,4,6,28,1,12,15,18,40,8.0,1.0
30708,1.0,62,4,6,28,1,12,15,12,22,9.0,0.0
30711,1.0,62,4,6,28,1,12,15,6,28,12.0,0.0
30712,1.0,62,4,6,28,1,12,15,6,40,13.0,0.0
30713,1.0,62,4,6,28,1,12,15,12,22,14.0,1.0
30756,0.0,62,5,3,18,0,12,15,3,18,5.0,0.0
30759,1.0,62,5,3,18,0,12,15,3,21,8.0,0.0
30761,1.0,62,5,3,18,0,12,15,3,24,10.0,0.0
30763,1.0,62,5,3,18,0,12,15,9,24,12.0,0.0
30764,0.0,62,5,3,18,0,12,15,3,15,13.0,1.0
30817,1.0,62,6,3,28,0,15,10,3,34,6.0,0.0
30819,1.0,62,6,3,28,0,15,10,3,31,8.0,0.0
30937,1.0,62,9,6,28,0,15,10,6,28,5.0,0.0
30938,1.0,62,9,6,28,0,15,10,12,34,6.0,0.0
30940,1.0,62,9,6,28,0,15,10,12,34,8.0,0.0
30941,0.0,62,9,6,28,0,15,10,12,28,9.0,0.0
31017,1.0,63,0,3,18,0,9,10,3,21,7.0,0.0
31018,1.0,63,0,3,18,0,9,10,9,15,8.0,0.0
31101,1.0,63,2,3,23,1,18,10,3,23,3.0,0.0
31102,0.0,63,2,3,23,1,18,10,6,29,4.0,0.0
31106,1.0,63,2,3,23,1,18,10,3,29,8.0,0.0
31232,1.0,63,5,6,18,0,18,15,12,24,3.0,0.0
31233,1.0,63,5,6,18,0,18,15,6,24,4.0,0.0
31236,1.0,63,5,6,18,0,18,15,12,24,7.0,0.0
31240,1.0,63,5,6,18,0,18,15,6,30,11.0,0.0
31241,1.0,63,5,6,18,0,18,15,12,24,12.0,1.0
31242,1.0,63,5,6,18,0,18,15,18,30,13.0,0.0
31243,1.0,63,5,6,18,0,18,15,6,30,14.0,0.0
31368,1.0,63,8,6,18,1,15,10,12,24,6.0,0.0
31369,0.0,63,8,6,18,1,15,10,12,24,7.0,0.0
31371,1.0,63,8,6,18,1,15,10,6,30,9.0,0.0
31405,1.0,63,9,3,18,0,9,15,6,24,7.0,0.0
31407,1.0,63,9,3,18,0,9,15,3,18,9.0,0.0
31408,1.0,63,9,3,18,0,9,15,9,24,10.0,0.0
31409,1.0,63,9,3,18,0,9,15,9,24,11.0,1.0
31411,1.0,63,9,3,18,0,9,15,3,18,13.0,0.0
31412,1.0,63,9,3,18,0,9,15,3,18,14.0,1.0
31455,1.0,63,10,3,28,0,9,15,6,28,5.0,0.0
31457,1.0,63,10,3,28,0,9,15,6,28,7.0,1.0
31458,1.0,63,10,3,28,0,9,15,6,28,8.0,0.0
31459,1.0,63,10,3,28,0,9,15,3,31,9.0,0.0
31461,1.0,63,10,3,28,0,9,15,3,31,11.0,0.0
31462,1.0,63,10,3,28,0,9,15,9,34,12.0,0.0
31464,1.0,63,10,3,28,0,9,15,9,34,14.0,1.0
31537,1.0,64,1,3,18,1,9,10,9,24,3.0,0.0
31538,1.0,64,1,3,18,1,9,10,9,24,4.0,0.0
31542,1.0,64,1,3,18,1,9,10,3,18,8.0,0.0
31590,1.0,64,2,6,28,0,15,15,6,28,3.0,0.0
31591,1.0,64,2,6,28,0,15,15,6,28,4.0,0.0
31595,1.0,64,2,6,28,0,15,15,6,28,8.0,0.0
31596,1.0,64,2,6,28,0,15,15,18,40,9.0,0.0
31597,1.0,64,2,6,28,0,15,15,18,40,10.0,1.0
31599,0.0,64,2,6,28,0,15,15,6,34,12.0,0.0
31600,1.0,64,2,6,28,0,15,15,6,28,13.0,1.0
31601,1.0,64,2,6,28,0,15,15,12,40,14.0,0.0
31680,1.0,64,4,3,28,1,12,15,6,34,2.0,0.0
31684,1.0,64,4,3,28,1,12,15,3,31,6.0,0.0
31686,1.0,64,4,3,28,1,12,15,6,34,8.0,0.0
31688,1.0,64,4,3,28,1,12,15,3,28,10.0,0.0
31689,1.0,64,4,3,28,1,12,15,6,34,11.0,1.0
31690,1.0,64,4,3,28,1,12,15,6,31,12.0,0.0
31691,1.0,64,4,3,28,1,12,15,6,31,13.0,1.0
31692,1.0,64,4,3,28,1,12,15,9,34,14.0,0.0
31734,1.0,64,5,6,23,0,9,10,6,23,2.0,0.0
31738,1.0,64,5,6,23,0,9,10,6,35,6.0,0.0
31739,1.0,64,5,6,23,0,9,10,12,35,7.0,0.0
31786,1.0,64,6,6,23,0,9,10,6,23,2.0,0.0
31790,1.0,64,6,6,23,0,9,10,6,35,6.0,0.0
31791,1.0,64,6,6,23,0,9,10,12,35,7.0,0.0
31842,1.0,64,7,6,23,1,18,15,12,29,2.0,0.0
31848,1.0,64,7,6,23,1,18,15,6,35,8.0,0.0
31849,1.0,64,7,6,23,1,18,15,18,35,9.0,0.0
31851,1.0,64,7,6,23,1,18,15,6,23,11.0,0.0
31852,1.0,64,7,6,23,1,18,15,6,29,12.0,0.0
31853,1.0,64,7,6,23,1,18,15,6,35,13.0,1.0
31854,1.0,64,7,6,23,1,18,15,6,35,14.0,0.0
31886,1.0,64,8,6,28,0,12,10,6,34,5.0,0.0
31887,1.0,64,8,6,28,0,12,10,6,40,6.0,0.0
31889,1.0,64,8,6,28,0,12,10,12,40,8.0,0.0
32052,0.0,65,1,6,28,0,9,10,6,28,6.0,0.0
32054,0.0,65,1,6,28,0,9,10,6,28,8.0,0.0
32055,1.0,65,1,6,28,0,9,10,12,40,9.0,0.0
32098,1.0,65,2,6,23,1,12,15,6,35,2.0,0.0
32101,1.0,65,2,6,23,1,12,15,6,35,5.0,1.0
32103,1.0,65,2,6,23,1,12,15,18,35,7.0,0.0
32105,1.0,65,2,6,23,1,12,15,18,35,9.0,1.0
32107,1.0,65,2,6,23,1,12,15,12,35,11.0,0.0
32108,1.0,65,2,6,23,1,12,15,18,35,12.0,0.0
32109,1.0,65,2,6,23,1,12,15,12,35,13.0,1.0
32110,1.0,65,2,6,23,1,12,15,12,29,14.0,0.0
32235,1.0,65,5,3,28,1,18,15,6,31,2.0,0.0
32236,1.0,65,5,3,28,1,18,15,6,28,3.0,0.0
32242,1.0,65,5,3,28,1,18,15,3,31,9.0,0.0
32243,1.0,65,5,3,28,1,18,15,6,28,10.0,0.0
32245,1.0,65,5,3,28,1,18,15,3,28,12.0,0.0
32246,1.0,65,5,3,28,1,18,15,6,31,13.0,1.0
32247,0.0,65,5,3,28,1,18,15,3,28,14.0,0.0
32285,1.0,65,6,3,28,0,12,10,3,25,1.0,0.0
32290,1.0,65,6,3,28,0,12,10,9,25,6.0,0.0
32337,1.0,65,7,6,23,1,12,15,6,23,6.0,0.0
32338,1.0,65,7,6,23,1,12,15,6,23,7.0,0.0
32339,1.0,65,7,6,23,1,12,15,12,35,8.0,0.0
32341,1.0,65,7,6,23,1,12,15,18,35,10.0,0.0
32342,1.0,65,7,6,23,1,12,15,6,35,11.0,0.0
32344,1.0,65,7,6,23,1,12,15,12,35,13.0,1.0
32345,1.0,65,7,6,23,1,12,15,6,29,14.0,0.0
32431,1.0,65,9,6,28,0,9,10,12,22,4.0,0.0
32434,1.0,65,9,6,28,0,9,10,18,22,7.0,0.0
